Entity,Code,Year,Wind Capacity
Africa,,1997,0.006
Africa,,1998,0.01
Africa,,1999,0.064
Africa,,2000,0.13905
Africa,,2001,0.13905
Africa,,2002,0.14431
Africa,,2003,0.15361000000000002
Africa,,2004,0.23613
Africa,,2005,0.2402
Africa,,2006,0.327925
Africa,,2007,0.47012000000000004
Africa,,2008,0.55532
Africa,,2009,0.74237
Africa,,2010,0.864797
Africa,,2011,0.9950019999999999
Africa,,2012,1.127604
Africa,,2013,1.741834
Africa,,2014,2.399398
Africa,,2015,3.320268
Africa,,2016,3.826414
Africa,,2017,4.5792627
Africa,,2018,5.4715527
Africa,,2019,5.528753
Africa,,2020,6.4846533
Africa,,2021,7.334153000000001
Africa (BP),,1997,0.006
Africa (BP),,1998,0.01
Africa (BP),,1999,0.064
Africa (BP),,2000,0.13905
Africa (BP),,2001,0.13905
Africa (BP),,2002,0.14431
Africa (BP),,2003,0.15361000000000002
Africa (BP),,2004,0.23613
Africa (BP),,2005,0.2402
Africa (BP),,2006,0.327925
Africa (BP),,2007,0.47012000000000004
Africa (BP),,2008,0.55532
Africa (BP),,2009,0.74237
Africa (BP),,2010,0.864797
Africa (BP),,2011,0.9950019999999999
Africa (BP),,2012,1.127604
Africa (BP),,2013,1.741834
Africa (BP),,2014,2.399398
Africa (BP),,2015,3.320268
Africa (BP),,2016,3.826414
Africa (BP),,2017,4.579263
Africa (BP),,2018,5.471553
Africa (BP),,2019,5.528753
Africa (BP),,2020,6.484653000000001
Africa (BP),,2021,7.334153000000001
Argentina,ARG,1997,0.009000000000000001
Argentina,ARG,1998,0.014
Argentina,ARG,1999,0.014
Argentina,ARG,2000,0.014112
Argentina,ARG,2001,0.024829
Argentina,ARG,2002,0.025797999999999998
Argentina,ARG,2003,0.025729
Argentina,ARG,2004,0.027829
Argentina,ARG,2005,0.027829
Argentina,ARG,2006,0.027829
Argentina,ARG,2007,0.027829
Argentina,ARG,2008,0.027829
Argentina,ARG,2009,0.027829
Argentina,ARG,2010,0.027829
Argentina,ARG,2011,0.059579
Argentina,ARG,2012,0.13697900000000002
Argentina,ARG,2013,0.189979
Argentina,ARG,2014,0.21518700000000002
Argentina,ARG,2015,0.18710400000000002
Argentina,ARG,2016,0.187442
Argentina,ARG,2017,0.226742
Argentina,ARG,2018,0.750342
Argentina,ARG,2019,1.609359
Argentina,ARG,2020,2.623904
Argentina,ARG,2021,3.292124
Asia,,1997,1.127
Asia,,1998,1.246
Asia,,1999,1.395
Asia,,2000,1.41426
Asia,,2001,2.176557
Asia,,2002,2.402797
Asia,,2003,3.601465
Asia,,2004,5.46147
Asia,,2005,6.972510000000001
Asia,,2006,10.653403
Asia,,2007,14.256196000000001
Asia,,2008,21.47542
Asia,,2009,32.258021
Asia,,2010,47.56460500000001
Asia,,2011,67.92041
Asia,,2012,85.24638
Asia,,2013,102.48747
Asia,,2014,128.19758000000002
Asia,,2015,166.67778
Asia,,2016,190.49298000000002
Asia,,2017,212.19056
Asia,,2018,236.92172
Asia,,2019,266.26896999999997
Asia,,2020,342.29275
Asia,,2021,397.26875
Asia Pacific (BP),,1997,1.117075
Asia Pacific (BP),,1998,1.242075
Asia Pacific (BP),,1999,1.4227550000000002
Asia Pacific (BP),,2000,1.4516099999999998
Asia Pacific (BP),,2001,2.256557
Asia Pacific (BP),,2002,2.523297
Asia Pacific (BP),,2003,3.8199650000000003
Asia Pacific (BP),,2004,5.95347
Asia Pacific (BP),,2005,7.81341
Asia Pacific (BP),,2006,11.526303
Asia Pacific (BP),,2007,15.606296
Asia Pacific (BP),,2008,22.800846000000003
Asia Pacific (BP),,2009,33.560445
Asia Pacific (BP),,2010,48.525027
Asia Pacific (BP),,2011,68.830516
Asia Pacific (BP),,2012,86.04557000000001
Asia Pacific (BP),,2013,103.43621
Asia Pacific (BP),,2014,128.8175
Asia Pacific (BP),,2015,166.6568
Asia Pacific (BP),,2016,189.15586
Asia Pacific (BP),,2017,210.45847
Asia Pacific (BP),,2018,235.15805
Asia Pacific (BP),,2019,264.40815999999995
Asia Pacific (BP),,2020,341.2591
Asia Pacific (BP),,2021,394.15040000000005
Australia,AUS,1997,0.004
Australia,AUS,1998,0.01
Australia,AUS,1999,0.01
Australia,AUS,2000,0.033
Australia,AUS,2001,0.076
Australia,AUS,2002,0.106
Australia,AUS,2003,0.19
Australia,AUS,2004,0.379
Australia,AUS,2005,0.74
Australia,AUS,2006,0.8190000000000001
Australia,AUS,2007,1.249
Australia,AUS,2008,1.441
Australia,AUS,2009,1.703
Australia,AUS,2010,1.864
Australia,AUS,2011,2.1270000000000002
Australia,AUS,2012,2.561
Australia,AUS,2013,3.221
Australia,AUS,2014,3.797
Australia,AUS,2015,4.181
Australia,AUS,2016,4.324
Australia,AUS,2017,4.812
Australia,AUS,2018,5.442
Australia,AUS,2019,6.279
Australia,AUS,2020,8.603
Australia,AUS,2021,8.9506
Austria,AUT,1997,0.02
Austria,AUT,1998,0.03
Austria,AUT,1999,0.042
Austria,AUT,2000,0.05
Austria,AUT,2001,0.067
Austria,AUT,2002,0.109
Austria,AUT,2003,0.322
Austria,AUT,2004,0.581
Austria,AUT,2005,0.825219
Austria,AUT,2006,0.968269
Austria,AUT,2007,0.991159
Austria,AUT,2008,0.991974
Austria,AUT,2009,1.000985
Austria,AUT,2010,1.015828
Austria,AUT,2011,1.105966
Austria,AUT,2012,1.33715
Austria,AUT,2013,1.674538
Austria,AUT,2014,2.110275
Austria,AUT,2015,2.488726
Austria,AUT,2016,2.7299960000000003
Austria,AUT,2017,2.886698
Austria,AUT,2018,3.1327130000000003
Austria,AUT,2019,3.224117
Austria,AUT,2020,3.225985
Austria,AUT,2021,3.523985
Belgium,BEL,1997,0.009000000000000001
Belgium,BEL,1998,0.01
Belgium,BEL,1999,0.011
Belgium,BEL,2000,0.014
Belgium,BEL,2001,0.026000000000000002
Belgium,BEL,2002,0.031
Belgium,BEL,2003,0.067
Belgium,BEL,2004,0.096
Belgium,BEL,2005,0.167
Belgium,BEL,2006,0.212
Belgium,BEL,2007,0.276
Belgium,BEL,2008,0.324
Belgium,BEL,2009,0.608
Belgium,BEL,2010,0.912
Belgium,BEL,2011,1.069
Belgium,BEL,2012,1.37
Belgium,BEL,2013,1.78
Belgium,BEL,2014,1.944
Belgium,BEL,2015,2.176
Belgium,BEL,2016,2.37
Belgium,BEL,2017,2.7875
Belgium,BEL,2018,3.2679
Belgium,BEL,2019,3.8634000000000004
Belgium,BEL,2020,4.680899999999999
Belgium,BEL,2021,4.7796400000000006
Brazil,BRA,1997,0.004
Brazil,BRA,1998,0.019
Brazil,BRA,1999,0.022
Brazil,BRA,2000,0.022
Brazil,BRA,2001,0.024
Brazil,BRA,2002,0.022
Brazil,BRA,2003,0.024
Brazil,BRA,2004,0.024
Brazil,BRA,2005,0.029
Brazil,BRA,2006,0.23700000000000002
Brazil,BRA,2007,0.247
Brazil,BRA,2008,0.398
Brazil,BRA,2009,0.602
Brazil,BRA,2010,0.927
Brazil,BRA,2011,1.426
Brazil,BRA,2012,1.8940000000000001
Brazil,BRA,2013,2.20202
Brazil,BRA,2014,4.888053
Brazil,BRA,2015,7.633115
Brazil,BRA,2016,10.129155
Brazil,BRA,2017,12.304272000000001
Brazil,BRA,2018,14.843093999999999
Brazil,BRA,2019,15.438379000000001
Brazil,BRA,2020,17.198324
Brazil,BRA,2021,21.161270000000002
Bulgaria,BGR,1997,0
Bulgaria,BGR,1998,0
Bulgaria,BGR,1999,0
Bulgaria,BGR,2000,0
Bulgaria,BGR,2001,0
Bulgaria,BGR,2002,0
Bulgaria,BGR,2003,0
Bulgaria,BGR,2004,0.001
Bulgaria,BGR,2005,0.008
Bulgaria,BGR,2006,0.027
Bulgaria,BGR,2007,0.03
Bulgaria,BGR,2008,0.114
Bulgaria,BGR,2009,0.333
Bulgaria,BGR,2010,0.488
Bulgaria,BGR,2011,0.541
Bulgaria,BGR,2012,0.677
Bulgaria,BGR,2013,0.683
Bulgaria,BGR,2014,0.6990000000000001
Bulgaria,BGR,2015,0.6990000000000001
Bulgaria,BGR,2016,0.6990000000000001
Bulgaria,BGR,2017,0.69839
Bulgaria,BGR,2018,0.69892
Bulgaria,BGR,2019,0.70312
Bulgaria,BGR,2020,0.7028
Bulgaria,BGR,2021,0.7048
CIS (BP),,2000,0.0032500000000000003
CIS (BP),,2001,0.0036000000000000003
CIS (BP),,2002,0.0081
CIS (BP),,2003,0.0101
CIS (BP),,2004,0.0101
CIS (BP),,2005,0.0111
CIS (BP),,2006,0.0111
CIS (BP),,2007,0.0119
CIS (BP),,2008,0.0119
CIS (BP),,2009,0.013900000000000001
CIS (BP),,2010,0.013900000000000001
CIS (BP),,2011,0.014
CIS (BP),,2012,0.0185
CIS (BP),,2013,0.0237
CIS (BP),,2014,0.07451
CIS (BP),,2015,0.112655
CIS (BP),,2016,0.18675999999999998
CIS (BP),,2017,0.22375
CIS (BP),,2018,0.3321
CIS (BP),,2019,0.56445
CIS (BP),,2020,1.61035
CIS (BP),,2021,3.3051
Canada,CAN,1997,0.026000000000000002
Canada,CAN,1998,0.083
Canada,CAN,1999,0.126
Canada,CAN,2000,0.092
Canada,CAN,2001,0.131
Canada,CAN,2002,0.161
Canada,CAN,2003,0.327
Canada,CAN,2004,0.444
Canada,CAN,2005,0.677
Canada,CAN,2006,1.423
Canada,CAN,2007,1.84
Canada,CAN,2008,2.336
Canada,CAN,2009,3.282
Canada,CAN,2010,3.967
Canada,CAN,2011,5.265
Canada,CAN,2012,6.2010000000000005
Canada,CAN,2013,7.801
Canada,CAN,2014,9.694
Canada,CAN,2015,11.214
Canada,CAN,2016,11.973
Canada,CAN,2017,12.25
Canada,CAN,2018,12.816
Canada,CAN,2019,13.413
Canada,CAN,2020,13.626959999999999
Canada,CAN,2021,14.30356
Chile,CHL,1997,0
Chile,CHL,1998,0
Chile,CHL,1999,0
Chile,CHL,2000,0
Chile,CHL,2001,0.002
Chile,CHL,2002,0.002
Chile,CHL,2003,0.002
Chile,CHL,2004,0.002
Chile,CHL,2005,0.002
Chile,CHL,2006,0.002
Chile,CHL,2007,0.02
Chile,CHL,2008,0.02
Chile,CHL,2009,0.163
Chile,CHL,2010,0.163
Chile,CHL,2011,0.184
Chile,CHL,2012,0.202
Chile,CHL,2013,0.301
Chile,CHL,2014,0.736
Chile,CHL,2015,0.91
Chile,CHL,2016,1.039
Chile,CHL,2017,1.305
Chile,CHL,2018,1.524
Chile,CHL,2019,1.620074
Chile,CHL,2020,2.1489960000000004
Chile,CHL,2021,3.137006
China,CHN,1997,0.146
China,CHN,1998,0.2
China,CHN,1999,0.262
China,CHN,2000,0.341
China,CHN,2001,0.383
China,CHN,2002,0.449
China,CHN,2003,0.547
China,CHN,2004,0.763
China,CHN,2005,1.06
China,CHN,2006,2.07
China,CHN,2007,4.2
China,CHN,2008,8.387728
China,CHN,2009,17.599408
China,CHN,2010,29.633479
China,CHN,2011,46.3546
China,CHN,2012,61.59687
China,CHN,2013,76.73053
China,CHN,2014,96.81913
China,CHN,2015,131.04773
China,CHN,2016,148.51689000000002
China,CHN,2017,164.37448
China,CHN,2018,184.66488
China,CHN,2019,209.5819
China,CHN,2020,282.11266
China,CHN,2021,328.97344
Costa Rica,CRI,1997,0.023
Costa Rica,CRI,1998,0.027
Costa Rica,CRI,1999,0.035
Costa Rica,CRI,2000,0.0425
Costa Rica,CRI,2001,0.0623
Costa Rica,CRI,2002,0.0623
Costa Rica,CRI,2003,0.0686
Costa Rica,CRI,2004,0.0686
Costa Rica,CRI,2005,0.0686
Costa Rica,CRI,2006,0.0686
Costa Rica,CRI,2007,0.066
Costa Rica,CRI,2008,0.066
Costa Rica,CRI,2009,0.1155
Costa Rica,CRI,2010,0.1155
Costa Rica,CRI,2011,0.12830000000000003
Costa Rica,CRI,2012,0.1436
Costa Rica,CRI,2013,0.1436
Costa Rica,CRI,2014,0.1931
Costa Rica,CRI,2015,0.2721
Costa Rica,CRI,2016,0.36510000000000004
Costa Rica,CRI,2017,0.37782
Costa Rica,CRI,2018,0.40776999999999997
Costa Rica,CRI,2019,0.41092
Costa Rica,CRI,2020,0.39352
Costa Rica,CRI,2021,0.39352
Denmark,DNK,1997,1.116
Denmark,DNK,1998,1.42
Denmark,DNK,1999,1.738
Denmark,DNK,2000,2.390015
Denmark,DNK,2001,2.497153
Denmark,DNK,2002,2.894531
Denmark,DNK,2003,3.1199160000000004
Denmark,DNK,2004,3.1237120000000003
Denmark,DNK,2005,3.127836
Denmark,DNK,2006,3.135696
Denmark,DNK,2007,3.124214
Denmark,DNK,2008,3.16287
Denmark,DNK,2009,3.482087
Denmark,DNK,2010,3.801829
Denmark,DNK,2011,3.9519810000000004
Denmark,DNK,2012,4.161941
Denmark,DNK,2013,4.818923
Denmark,DNK,2014,4.8864030000000005
Denmark,DNK,2015,5.0769660000000005
Denmark,DNK,2016,5.2451419999999995
Denmark,DNK,2017,5.488949
Denmark,DNK,2018,6.115046
Denmark,DNK,2019,6.102939999999999
Denmark,DNK,2020,6.259455
Denmark,DNK,2021,7.013565
Egypt,EGY,1997,0.006
Egypt,EGY,1998,0.006
Egypt,EGY,1999,0.036000000000000004
Egypt,EGY,2000,0.074
Egypt,EGY,2001,0.074
Egypt,EGY,2002,0.074
Egypt,EGY,2003,0.074
Egypt,EGY,2004,0.15
Egypt,EGY,2005,0.15
Egypt,EGY,2006,0.23500000000000001
Egypt,EGY,2007,0.315
Egypt,EGY,2008,0.395
Egypt,EGY,2009,0.44
Egypt,EGY,2010,0.555
Egypt,EGY,2011,0.555
Egypt,EGY,2012,0.555
Egypt,EGY,2013,0.555
Egypt,EGY,2014,0.555
Egypt,EGY,2015,0.755
Egypt,EGY,2016,0.755
Egypt,EGY,2017,0.755
Egypt,EGY,2018,1.1300000000000001
Egypt,EGY,2019,1.1320000000000001
Egypt,EGY,2020,1.3800000000000001
Egypt,EGY,2021,1.6400000000000001
Europe,,1997,4.801
Europe,,1998,6.3741
Europe,,1999,9.2708
Europe,,2000,12.733664000000001
Europe,,2001,17.395334
Europe,,2002,23.294012
Europe,,2003,28.160846000000003
Europe,,2004,34.328266000000006
Europe,,2005,40.69319
Europe,,2006,47.927800000000005
Europe,,2007,56.34890600000001
Europe,,2008,64.063395
Europe,,2009,75.81564
Europe,,2010,84.92835000000001
Europe,,2011,94.72223
Europe,,2012,107.20097
Europe,,2013,118.1839
Europe,,2014,130.21045
Europe,,2015,142.99906000000001
Europe,,2016,155.73210999999998
Europe,,2017,170.57127
Europe,,2018,181.88416
Europe,,2019,196.35016000000002
Europe,,2020,208.73247
Europe,,2021,223.9155
Europe (BP),,1997,4.8100000000000005
Europe (BP),,1998,6.383100000000001
Europe (BP),,1999,9.2798
Europe (BP),,2000,12.749665000000002
Europe (BP),,2001,17.411331999999998
Europe (BP),,2002,23.306012
Europe (BP),,2003,28.170846
Europe (BP),,2004,34.338266000000004
Europe (BP),,2005,40.704190000000004
Europe (BP),,2006,47.976800000000004
Europe (BP),,2007,56.484906
Europe (BP),,2008,64.417395
Europe (BP),,2009,76.59764
Europe (BP),,2010,86.23835000000001
Europe (BP),,2011,96.44123
Europe (BP),,2012,109.45197
Europe (BP),,2013,120.9339
Europe (BP),,2014,133.83045
Europe (BP),,2015,147.49116
Europe (BP),,2016,161.47220000000002
Europe (BP),,2017,177.07652
Europe (BP),,2018,188.83764000000002
Europe (BP),,2019,203.83942000000002
Europe (BP),,2020,216.61952
Europe (BP),,2021,232.56745
Finland,FIN,1997,0.012
Finland,FIN,1998,0.018000000000000002
Finland,FIN,1999,0.039
Finland,FIN,2000,0.038
Finland,FIN,2001,0.039
Finland,FIN,2002,0.043000000000000003
Finland,FIN,2003,0.052000000000000005
Finland,FIN,2004,0.082
Finland,FIN,2005,0.082
Finland,FIN,2006,0.08600000000000001
Finland,FIN,2007,0.11
Finland,FIN,2008,0.14300000000000002
Finland,FIN,2009,0.147
Finland,FIN,2010,0.197
Finland,FIN,2011,0.199
Finland,FIN,2012,0.257
Finland,FIN,2013,0.447
Finland,FIN,2014,0.627
Finland,FIN,2015,1.0050000000000001
Finland,FIN,2016,1.565
Finland,FIN,2017,2.044
Finland,FIN,2018,2.041
Finland,FIN,2019,2.2840000000000003
Finland,FIN,2020,2.586
Finland,FIN,2021,3.257
France,FRA,1997,0.013000000000000001
France,FRA,1998,0.021
France,FRA,1999,0.025
France,FRA,2000,0.038
France,FRA,2001,0.066
France,FRA,2002,0.138
France,FRA,2003,0.218
France,FRA,2004,0.358
France,FRA,2005,0.6900000000000001
France,FRA,2006,1.412
France,FRA,2007,2.223
France,FRA,2008,3.403
France,FRA,2009,4.582
France,FRA,2010,5.912
France,FRA,2011,6.758016
France,FRA,2012,7.607496
France,FRA,2013,8.155961
France,FRA,2014,9.201424999999999
France,FRA,2015,10.29818
France,FRA,2016,11.566564000000001
France,FRA,2017,13.499357
France,FRA,2018,14.900146000000001
France,FRA,2019,16.456854
France,FRA,2020,17.484002
France,FRA,2021,18.676002
Germany,DEU,1997,2.089
Germany,DEU,1998,2.8770000000000002
Germany,DEU,1999,4.4350000000000005
Germany,DEU,2000,6.095
Germany,DEU,2001,8.754
Germany,DEU,2002,12.001
Germany,DEU,2003,14.381
Germany,DEU,2004,16.419
Germany,DEU,2005,18.248
Germany,DEU,2006,20.474
Germany,DEU,2007,22.116
Germany,DEU,2008,22.794
Germany,DEU,2009,25.732
Germany,DEU,2010,26.903000000000002
Germany,DEU,2011,28.712
Germany,DEU,2012,30.979
Germany,DEU,2013,33.477000000000004
Germany,DEU,2014,38.614000000000004
Germany,DEU,2015,44.58
Germany,DEU,2016,49.435
Germany,DEU,2017,55.58
Germany,DEU,2018,58.721000000000004
Germany,DEU,2019,60.742000000000004
Germany,DEU,2020,62.188
Germany,DEU,2021,63.76
Greece,GRC,1997,0.029
Greece,GRC,1998,0.0381
Greece,GRC,1999,0.1058
Greece,GRC,2000,0.226
Greece,GRC,2001,0.27
Greece,GRC,2002,0.28700000000000003
Greece,GRC,2003,0.371
Greece,GRC,2004,0.47000000000000003
Greece,GRC,2005,0.491
Greece,GRC,2006,0.749
Greece,GRC,2007,0.846
Greece,GRC,2008,1.022
Greece,GRC,2009,1.171
Greece,GRC,2010,1.298
Greece,GRC,2011,1.6400000000000001
Greece,GRC,2012,1.7530000000000001
Greece,GRC,2013,1.809
Greece,GRC,2014,1.978
Greece,GRC,2015,2.091
Greece,GRC,2016,2.37
Greece,GRC,2017,2.624
Greece,GRC,2018,2.877495
Greece,GRC,2019,3.589
Greece,GRC,2020,4.11925
Greece,GRC,2021,4.45725
High-income countries,,1997,6.445075
High-income countries,,1998,8.622174999999999
High-income countries,,1999,11.936555
High-income countries,,2000,15.336265
High-income countries,,2001,21.634203000000003
High-income countries,,2002,28.230021
High-income countries,,2003,35.145906000000004
High-income countries,,2004,42.3918
High-income countries,,2005,52.081445
High-income countries,,2006,63.402605
High-income countries,,2007,77.706016
High-income countries,,2008,94.42013
High-income countries,,2009,117.29926
High-income countries,,2010,131.76678
High-income countries,,2011,148.99736
High-income countries,,2012,175.1225
High-income countries,,2013,188.44655
High-income countries,,2014,207.45534
High-income countries,,2015,231.17795
High-income countries,,2016,254.54794
High-income countries,,2017,277.13322
High-income countries,,2018,296.60190000000006
High-income countries,,2019,321.7497
High-income countries,,2020,351.42278000000005
High-income countries,,2021,381.2118
India,IND,1997,0.9400000000000001
India,IND,1998,0.992
India,IND,1999,1.035
India,IND,2000,0.9410000000000001
India,IND,2001,1.563
India,IND,2002,1.606
India,IND,2003,2.461
India,IND,2004,3.813
India,IND,2005,4.4338999999999995
India,IND,2006,6.315
India,IND,2007,7.84452
India,IND,2008,10.2425
India,IND,2009,10.925
India,IND,2010,13.184000000000001
India,IND,2011,16.179000000000002
India,IND,2012,17.2997
India,IND,2013,18.4204
India,IND,2014,22.4653
India,IND,2015,25.08819
India,IND,2016,28.70044
India,IND,2017,32.84846
India,IND,2018,35.2881
India,IND,2019,37.50518
India,IND,2020,38.5586
India,IND,2021,40.067266000000004
Iran,IRN,1997,0.009000000000000001
Iran,IRN,1998,0.009000000000000001
Iran,IRN,1999,0.009000000000000001
Iran,IRN,2000,0.011
Iran,IRN,2001,0.011
Iran,IRN,2002,0.012
Iran,IRN,2003,0.016
Iran,IRN,2004,0.0249
Iran,IRN,2005,0.037
Iran,IRN,2006,0.047
Iran,IRN,2007,0.063
Iran,IRN,2008,0.063
Iran,IRN,2009,0.092
Iran,IRN,2010,0.095
Iran,IRN,2011,0.09820999999999999
Iran,IRN,2012,0.10613
Iran,IRN,2013,0.10763
Iran,IRN,2014,0.14878
Iran,IRN,2015,0.15344
Iran,IRN,2016,0.19094
Iran,IRN,2017,0.259
Iran,IRN,2018,0.28200000000000003
Iran,IRN,2019,0.30492
Iran,IRN,2020,0.30807999999999996
Iran,IRN,2021,0.3102
Ireland,IRL,1997,0.053
Ireland,IRL,1998,0.064
Ireland,IRL,1999,0.074
Ireland,IRL,2000,0.1165
Ireland,IRL,2001,0.12290000000000001
Ireland,IRL,2002,0.1348
Ireland,IRL,2003,0.21030000000000001
Ireland,IRL,2004,0.3364
Ireland,IRL,2005,0.4933
Ireland,IRL,2006,0.6765
Ireland,IRL,2007,0.7405
Ireland,IRL,2008,0.9423
Ireland,IRL,2009,1.2513
Ireland,IRL,2010,1.3904
Ireland,IRL,2011,1.5846
Ireland,IRL,2012,1.70435
Ireland,IRL,2013,1.9233
Ireland,IRL,2014,2.2832500000000002
Ireland,IRL,2015,2.45115
Ireland,IRL,2016,2.80165
Ireland,IRL,2017,3.31915
Ireland,IRL,2018,3.67385
Ireland,IRL,2019,4.12645
Ireland,IRL,2020,4.3067
Ireland,IRL,2021,4.332050000000001
Italy,ITA,1997,0.10300000000000001
Italy,ITA,1998,0.197
Italy,ITA,1999,0.277
Italy,ITA,2000,0.363
Italy,ITA,2001,0.664
Italy,ITA,2002,0.78
Italy,ITA,2003,0.874
Italy,ITA,2004,1.127
Italy,ITA,2005,1.635
Italy,ITA,2006,1.9020000000000001
Italy,ITA,2007,2.702
Italy,ITA,2008,3.525
Italy,ITA,2009,4.8790000000000004
Italy,ITA,2010,5.7940000000000005
Italy,ITA,2011,6.918
Italy,ITA,2012,8.102
Italy,ITA,2013,8.542
Italy,ITA,2014,8.683
Italy,ITA,2015,9.137
Italy,ITA,2016,9.384
Italy,ITA,2017,9.736578
Italy,ITA,2018,10.230246
Italy,ITA,2019,10.679459999999999
Italy,ITA,2020,10.870622
Italy,ITA,2021,11.275622
Japan,JPN,1997,0.017
Japan,JPN,1998,0.03
Japan,JPN,1999,0.068
Japan,JPN,2000,0.084
Japan,JPN,2001,0.17500000000000002
Japan,JPN,2002,0.277
Japan,JPN,2003,0.508
Japan,JPN,2004,0.769
Japan,JPN,2005,1.227
Japan,JPN,2006,1.805
Japan,JPN,2007,1.5270000000000001
Japan,JPN,2008,1.756
Japan,JPN,2009,1.997
Japan,JPN,2010,2.294
Japan,JPN,2011,2.419
Japan,JPN,2012,2.562
Japan,JPN,2013,2.646
Japan,JPN,2014,2.753
Japan,JPN,2015,2.8080000000000003
Japan,JPN,2016,3.247
Japan,JPN,2017,3.483
Japan,JPN,2018,3.498
Japan,JPN,2019,3.951
Japan,JPN,2020,4.371
Japan,JPN,2021,4.471
Jordan,JOR,2000,0.0014
Jordan,JOR,2001,0.0014
Jordan,JOR,2002,0.0014
Jordan,JOR,2003,0.0014
Jordan,JOR,2004,0.0014
Jordan,JOR,2005,0.0014
Jordan,JOR,2006,0.0014
Jordan,JOR,2007,0.0014
Jordan,JOR,2008,0.0014
Jordan,JOR,2009,0.0014
Jordan,JOR,2010,0.0014
Jordan,JOR,2011,0.0014
Jordan,JOR,2012,0.0014
Jordan,JOR,2013,0.0014
Jordan,JOR,2014,0.0014
Jordan,JOR,2015,0.1184
Jordan,JOR,2016,0.19840000000000002
Jordan,JOR,2017,0.19840000000000002
Jordan,JOR,2018,0.2804
Jordan,JOR,2019,0.373
Jordan,JOR,2020,0.51801
Jordan,JOR,2021,0.62151
Lower-middle-income countries,,1997,0.9550000000000001
Lower-middle-income countries,,1998,1.0110000000000001
Lower-middle-income countries,,1999,1.108
Lower-middle-income countries,,2000,1.09565
Lower-middle-income countries,,2001,1.7488800000000002
Lower-middle-income countries,,2002,1.80288
Lower-middle-income countries,,2003,2.67877
Lower-middle-income countries,,2004,4.13267
Lower-middle-income countries,,2005,4.80387
Lower-middle-income countries,,2006,6.7799700000000005
Lower-middle-income countries,,2007,8.470889999999999
Lower-middle-income countries,,2008,10.95587
Lower-middle-income countries,,2009,11.85669
Lower-middle-income countries,,2010,14.23569
Lower-middle-income countries,,2011,17.3259
Lower-middle-income countries,,2012,18.725984
Lower-middle-income countries,,2013,20.279086
Lower-middle-income countries,,2014,25.255436000000003
Lower-middle-income countries,,2015,28.282785
Lower-middle-income countries,,2016,32.326934
Lower-middle-income countries,,2017,36.894516
Lower-middle-income countries,,2018,40.403625
Lower-middle-income countries,,2019,43.348625
Lower-middle-income countries,,2020,44.977438
Lower-middle-income countries,,2021,47.23652
Mexico,MEX,1997,0.002
Mexico,MEX,1998,0.002
Mexico,MEX,1999,0.002
Mexico,MEX,2000,0.017
Mexico,MEX,2001,0.017
Mexico,MEX,2002,0.018000000000000002
Mexico,MEX,2003,0.018000000000000002
Mexico,MEX,2004,0.018000000000000002
Mexico,MEX,2005,0.018000000000000002
Mexico,MEX,2006,0.101
Mexico,MEX,2007,0.101
Mexico,MEX,2008,0.101
Mexico,MEX,2009,0.425
Mexico,MEX,2010,0.519
Mexico,MEX,2011,0.601
Mexico,MEX,2012,1.815
Mexico,MEX,2013,2.122
Mexico,MEX,2014,2.569
Mexico,MEX,2015,3.271
Mexico,MEX,2016,4.051
Mexico,MEX,2017,4.199372
Mexico,MEX,2018,4.875635
Mexico,MEX,2019,6.050260000000001
Mexico,MEX,2020,6.504433
Mexico,MEX,2021,7.69153
Middle East (BP),,1997,0.009000000000000001
Middle East (BP),,1998,0.009000000000000001
Middle East (BP),,1999,0.009000000000000001
Middle East (BP),,2000,0.012400000000000001
Middle East (BP),,2001,0.012400000000000001
Middle East (BP),,2002,0.0194
Middle East (BP),,2003,0.0234
Middle East (BP),,2004,0.0329
Middle East (BP),,2005,0.045
Middle East (BP),,2006,0.055
Middle East (BP),,2007,0.07100000000000001
Middle East (BP),,2008,0.071675
Middle East (BP),,2009,0.100675
Middle East (BP),,2010,0.10368000000000001
Middle East (BP),,2011,0.10689
Middle East (BP),,2012,0.11531000000000001
Middle East (BP),,2013,0.12156
Middle East (BP),,2014,0.16456
Middle East (BP),,2015,0.28622000000000003
Middle East (BP),,2016,0.42327
Middle East (BP),,2017,0.50408
Middle East (BP),,2018,0.6090800000000001
Middle East (BP),,2019,0.7751
Middle East (BP),,2020,0.92327
Middle East (BP),,2021,1.02889
Morocco,MAR,1997,0
Morocco,MAR,1998,0.002
Morocco,MAR,1999,0.02
Morocco,MAR,2000,0.054
Morocco,MAR,2001,0.054
Morocco,MAR,2002,0.054
Morocco,MAR,2003,0.054
Morocco,MAR,2004,0.054
Morocco,MAR,2005,0.054
Morocco,MAR,2006,0.054
Morocco,MAR,2007,0.114
Morocco,MAR,2008,0.114
Morocco,MAR,2009,0.221
Morocco,MAR,2010,0.221
Morocco,MAR,2011,0.255
Morocco,MAR,2012,0.255
Morocco,MAR,2013,0.495
Morocco,MAR,2014,0.797
Morocco,MAR,2015,0.797
Morocco,MAR,2016,0.897
Morocco,MAR,2017,1.0230000000000001
Morocco,MAR,2018,1.225
Morocco,MAR,2019,1.225
Morocco,MAR,2020,1.405
Morocco,MAR,2021,1.435
Netherlands,NLD,1997,0.329
Netherlands,NLD,1998,0.379
Netherlands,NLD,1999,0.433
Netherlands,NLD,2000,0.447
Netherlands,NLD,2001,0.486
Netherlands,NLD,2002,0.672
Netherlands,NLD,2003,0.905
Netherlands,NLD,2004,1.075
Netherlands,NLD,2005,1.224
Netherlands,NLD,2006,1.561
Netherlands,NLD,2007,1.749
Netherlands,NLD,2008,2.149
Netherlands,NLD,2009,2.222
Netherlands,NLD,2010,2.237
Netherlands,NLD,2011,2.316
Netherlands,NLD,2012,2.433
Netherlands,NLD,2013,2.713
Netherlands,NLD,2014,2.865
Netherlands,NLD,2015,3.391
Netherlands,NLD,2016,4.257
Netherlands,NLD,2017,4.202
Netherlands,NLD,2018,4.393
Netherlands,NLD,2019,4.484158000000001
Netherlands,NLD,2020,6.61875
Netherlands,NLD,2021,7.801
New Zealand,NZL,1997,0.0040750000000000005
New Zealand,NZL,1998,0.0040750000000000005
New Zealand,NZL,1999,0.035755
New Zealand,NZL,2000,0.036000000000000004
New Zealand,NZL,2001,0.036000000000000004
New Zealand,NZL,2002,0.054
New Zealand,NZL,2003,0.07200000000000001
New Zealand,NZL,2004,0.166
New Zealand,NZL,2005,0.168
New Zealand,NZL,2006,0.169
New Zealand,NZL,2007,0.32
New Zealand,NZL,2008,0.322
New Zealand,NZL,2009,0.496
New Zealand,NZL,2010,0.524
New Zealand,NZL,2011,0.623
New Zealand,NZL,2012,0.623
New Zealand,NZL,2013,0.623
New Zealand,NZL,2014,0.682
New Zealand,NZL,2015,0.6890000000000001
New Zealand,NZL,2016,0.6890000000000001
New Zealand,NZL,2017,0.6890000000000001
New Zealand,NZL,2018,0.6890000000000001
New Zealand,NZL,2019,0.6890000000000001
New Zealand,NZL,2020,0.784
New Zealand,NZL,2021,0.917
North America,,1997,1.6620000000000001
North America,,1998,2.253
North America,,1999,2.608
North America,,2000,2.5285
North America,,2001,4.0743
North America,,2002,4.6583000000000006
North America,,2003,6.408600000000001
North America,,2004,6.9866
North America,,2005,9.4696
North America,,2006,12.9216
North America,,2007,18.522000000000002
North America,,2008,27.154
North America,,2009,38.1185
North America,,2010,43.7365
North America,,2011,51.670300000000005
North America,,2012,67.2346
North America,,2013,70.03960000000001
North America,,2014,76.68812
North America,,2015,87.330125
North America,,2016,97.67510000000001
North America,,2017,104.42419000000001
North America,,2018,112.61541000000001
North America,,2019,123.92638000000001
North America,,2020,139.25662
North America,,2021,155.1262
North America (BP),,1997,1.639
North America (BP),,1998,2.226
North America (BP),,1999,2.573
North America (BP),,2000,2.486
North America (BP),,2001,4.0120000000000005
North America (BP),,2002,4.596
North America (BP),,2003,6.34
North America (BP),,2004,6.918
North America (BP),,2005,9.401
North America (BP),,2006,12.853
North America (BP),,2007,18.456
North America (BP),,2008,27.0886
North America (BP),,2009,38.0036
North America (BP),,2010,43.6216
North America (BP),,2011,51.5426
North America (BP),,2012,67.09160000000001
North America (BP),,2013,69.8966
North America (BP),,2014,76.49502000000001
North America (BP),,2015,87.05802
North America (BP),,2016,97.31
North America (BP),,2017,104.046375
North America (BP),,2018,112.20769
North America (BP),,2019,123.51550999999999
North America (BP),,2020,138.86314000000002
North America (BP),,2021,154.73273
Norway,NOR,1997,0.005
Norway,NOR,1998,0.008
Norway,NOR,1999,0.013000000000000001
Norway,NOR,2000,0.013000000000000001
Norway,NOR,2001,0.013000000000000001
Norway,NOR,2002,0.097
Norway,NOR,2003,0.097
Norway,NOR,2004,0.152
Norway,NOR,2005,0.265
Norway,NOR,2006,0.28400000000000003
Norway,NOR,2007,0.34800000000000003
Norway,NOR,2008,0.395
Norway,NOR,2009,0.423
Norway,NOR,2010,0.425
Norway,NOR,2011,0.512
Norway,NOR,2012,0.705
Norway,NOR,2013,0.8180000000000001
Norway,NOR,2014,0.859
Norway,NOR,2015,0.867
Norway,NOR,2016,0.883
Norway,NOR,2017,1.207
Norway,NOR,2018,1.71
Norway,NOR,2019,2.914
Norway,NOR,2020,4.03
Norway,NOR,2021,4.65
Oceania,,1997,0.008074999999999999
Oceania,,1998,0.014074999999999999
Oceania,,1999,0.045755000000000004
Oceania,,2000,0.069
Oceania,,2001,0.112
Oceania,,2002,0.16
Oceania,,2003,0.262
Oceania,,2004,0.545
Oceania,,2005,0.908
Oceania,,2006,0.988
Oceania,,2007,1.569
Oceania,,2008,1.7630000000000001
Oceania,,2009,2.199
Oceania,,2010,2.388
Oceania,,2011,2.75
Oceania,,2012,3.184
Oceania,,2013,3.844
Oceania,,2014,4.479
Oceania,,2015,4.87
Oceania,,2016,5.013
Oceania,,2017,5.501
Oceania,,2018,6.131
Oceania,,2019,6.968
Oceania,,2020,9.387
Oceania,,2021,9.867600000000001
Pakistan,PAK,1997,0
Pakistan,PAK,1998,0
Pakistan,PAK,1999,0
Pakistan,PAK,2000,0
Pakistan,PAK,2001,0
Pakistan,PAK,2002,0
Pakistan,PAK,2003,0
Pakistan,PAK,2004,0
Pakistan,PAK,2005,0
Pakistan,PAK,2006,0
Pakistan,PAK,2007,0
Pakistan,PAK,2008,0.006
Pakistan,PAK,2009,0.006
Pakistan,PAK,2010,0.006
Pakistan,PAK,2011,0.006
Pakistan,PAK,2012,0.056155000000000004
Pakistan,PAK,2013,0.10605500000000001
Pakistan,PAK,2014,0.20555500000000002
Pakistan,PAK,2015,0.30835500000000005
Pakistan,PAK,2016,0.5906549999999999
Pakistan,PAK,2017,0.7891549999999999
Pakistan,PAK,2018,1.185855
Pakistan,PAK,2019,1.2358550000000001
Pakistan,PAK,2020,1.2358550000000001
Pakistan,PAK,2021,1.335155
Philippines,PHL,1997,0
Philippines,PHL,1998,0
Philippines,PHL,1999,0
Philippines,PHL,2000,0
Philippines,PHL,2001,0
Philippines,PHL,2002,0
Philippines,PHL,2003,0
Philippines,PHL,2004,0
Philippines,PHL,2005,0.033
Philippines,PHL,2006,0.033
Philippines,PHL,2007,0.033
Philippines,PHL,2008,0.033
Philippines,PHL,2009,0.033
Philippines,PHL,2010,0.033
Philippines,PHL,2011,0.033
Philippines,PHL,2012,0.033
Philippines,PHL,2013,0.033
Philippines,PHL,2014,0.3369
Philippines,PHL,2015,0.4269
Philippines,PHL,2016,0.4269
Philippines,PHL,2017,0.4269
Philippines,PHL,2018,0.4269
Philippines,PHL,2019,0.44289999999999996
Philippines,PHL,2020,0.44289999999999996
Philippines,PHL,2021,0.44289999999999996
Poland,POL,1997,0.002
Poland,POL,1998,0.002
Poland,POL,1999,0.002
Poland,POL,2000,0.004
Poland,POL,2001,0.019
Poland,POL,2002,0.032
Poland,POL,2003,0.035
Poland,POL,2004,0.04
Poland,POL,2005,0.121
Poland,POL,2006,0.17200000000000001
Poland,POL,2007,0.306
Poland,POL,2008,0.526
Poland,POL,2009,0.709
Poland,POL,2010,1.108
Poland,POL,2011,1.8
Poland,POL,2012,2.564
Poland,POL,2013,3.4290000000000003
Poland,POL,2014,3.8360000000000003
Poland,POL,2015,4.886
Poland,POL,2016,5.747
Poland,POL,2017,5.7593570000000005
Poland,POL,2018,5.766078
Poland,POL,2019,5.836823000000001
Poland,POL,2020,6.29825
Poland,POL,2021,6.9582500000000005
Portugal,PRT,1997,0.039
Portugal,PRT,1998,0.051000000000000004
Portugal,PRT,1999,0.061
Portugal,PRT,2000,0.083
Portugal,PRT,2001,0.125
Portugal,PRT,2002,0.19
Portugal,PRT,2003,0.268
Portugal,PRT,2004,0.553
Portugal,PRT,2005,1.064
Portugal,PRT,2006,1.681
Portugal,PRT,2007,2.201
Portugal,PRT,2008,2.857
Portugal,PRT,2009,3.326
Portugal,PRT,2010,3.7960000000000003
Portugal,PRT,2011,4.256215
Portugal,PRT,2012,4.4115519999999995
Portugal,PRT,2013,4.609948999999999
Portugal,PRT,2014,4.856555999999999
Portugal,PRT,2015,4.936838
Portugal,PRT,2016,5.124103
Portugal,PRT,2017,5.124104999999999
Portugal,PRT,2018,5.172359
Portugal,PRT,2019,5.222745
Portugal,PRT,2020,5.122259000000001
Portugal,PRT,2021,5.248259
Romania,ROU,1997,0
Romania,ROU,1998,0
Romania,ROU,1999,0
Romania,ROU,2000,0
Romania,ROU,2001,0
Romania,ROU,2002,0
Romania,ROU,2003,0
Romania,ROU,2004,0
Romania,ROU,2005,0.001
Romania,ROU,2006,0.001
Romania,ROU,2007,0.003
Romania,ROU,2008,0.005
Romania,ROU,2009,0.015
Romania,ROU,2010,0.389
Romania,ROU,2011,0.988
Romania,ROU,2012,1.822
Romania,ROU,2013,2.773
Romania,ROU,2014,3.244
Romania,ROU,2015,3.13
Romania,ROU,2016,3.025
Romania,ROU,2017,3.029798
Romania,ROU,2018,3.0322579999999997
Romania,ROU,2019,3.037515
Romania,ROU,2020,3.012527
Romania,ROU,2021,3.012527
Russia,RUS,2000,0.003
Russia,RUS,2001,0.003
Russia,RUS,2002,0.007
Russia,RUS,2003,0.009000000000000001
Russia,RUS,2004,0.009000000000000001
Russia,RUS,2005,0.01
Russia,RUS,2006,0.01
Russia,RUS,2007,0.01
Russia,RUS,2008,0.01
Russia,RUS,2009,0.01
Russia,RUS,2010,0.01
Russia,RUS,2011,0.01
Russia,RUS,2012,0.01
Russia,RUS,2013,0.01
Russia,RUS,2014,0.01
Russia,RUS,2015,0.0109
Russia,RUS,2016,0.0109
Russia,RUS,2017,0.0109
Russia,RUS,2018,0.0519
Russia,RUS,2019,0.1019
Russia,RUS,2020,0.9453
Russia,RUS,2021,1.955
South Africa,ZAF,1997,0
South Africa,ZAF,1998,0
South Africa,ZAF,1999,0
South Africa,ZAF,2000,0
South Africa,ZAF,2001,0
South Africa,ZAF,2002,0.00316
South Africa,ZAF,2003,0.00316
South Africa,ZAF,2004,0.00316
South Africa,ZAF,2005,0.00316
South Africa,ZAF,2006,0.00316
South Africa,ZAF,2007,0.00316
South Africa,ZAF,2008,0.00836
South Africa,ZAF,2009,0.00836
South Africa,ZAF,2010,0.01016
South Africa,ZAF,2011,0.01016
South Africa,ZAF,2012,0.01016
South Africa,ZAF,2013,0.257
South Africa,ZAF,2014,0.5690000000000001
South Africa,ZAF,2015,1.079
South Africa,ZAF,2016,1.473
South Africa,ZAF,2017,2.094
South Africa,ZAF,2018,2.094
South Africa,ZAF,2019,2.094
South Africa,ZAF,2020,2.516
South Africa,ZAF,2021,2.9555000000000002
South America,,1997,0.013000000000000001
South America,,1998,0.033
South America,,1999,0.036000000000000004
South America,,2000,0.036262
South America,,2001,0.050979000000000003
South America,,2002,0.049948
South America,,2003,0.051879
South America,,2004,0.053979
South America,,2005,0.058979000000000004
South America,,2006,0.26697899999999997
South America,,2007,0.294979
South America,,2008,0.46042901999999997
South America,,2009,0.82342896
South America,,2010,1.1584290000000002
South America,,2011,1.713184
South America,,2012,2.285584
South America,,2013,2.752416
South America,,2014,6.3205083
South America,,2015,9.586976
South America,,2016,12.567054
South America,,2017,15.346671
South America,,2018,18.628092000000002
South America,,2019,20.181668000000002
South America,,2020,23.485080000000004
South America,,2021,29.104256000000003
South Korea,KOR,1997,0.001
South Korea,KOR,1998,0.001
South Korea,KOR,1999,0.005
South Korea,KOR,2000,0.007
South Korea,KOR,2001,0.011
South Korea,KOR,2002,0.013000000000000001
South Korea,KOR,2003,0.019
South Korea,KOR,2004,0.029
South Korea,KOR,2005,0.099
South Korea,KOR,2006,0.178
South Korea,KOR,2007,0.196
South Korea,KOR,2008,0.304
South Korea,KOR,2009,0.35100000000000003
South Korea,KOR,2010,0.382
South Korea,KOR,2011,0.425
South Korea,KOR,2012,0.464
South Korea,KOR,2013,0.5760000000000001
South Korea,KOR,2014,0.612
South Korea,KOR,2015,0.847
South Korea,KOR,2016,1.067
South Korea,KOR,2017,1.215
South Korea,KOR,2018,1.42
South Korea,KOR,2019,1.494
South Korea,KOR,2020,1.635802
South Korea,KOR,2021,1.708043
South and Central America (BP),,1997,0.042
South and Central America (BP),,1998,0.066
South and Central America (BP),,1999,0.078
South and Central America (BP),,2000,0.09050799999999999
South and Central America (BP),,2001,0.134025
South and Central America (BP),,2002,0.13629400000000003
South and Central America (BP),,2003,0.152625
South and Central America (BP),,2004,0.196525
South and Central America (BP),,2005,0.193225
South and Central America (BP),,2006,0.41154500000000005
South and Central America (BP),,2007,0.452835
South and Central America (BP),,2008,0.619555
South and Central America (BP),,2009,1.101955
South and Central America (BP),,2010,1.484175
South and Central America (BP),,2011,2.19168
South and Central America (BP),,2012,3.0676799999999997
South and Central America (BP),,2013,3.685812
South and Central America (BP),,2014,7.5253239999999995
South and Central America (BP),,2015,11.244941
South and Central America (BP),,2016,14.491529
South and Central America (BP),,2017,17.326365000000003
South and Central America (BP),,2018,20.849562000000002
South and Central America (BP),,2019,22.638688
South and Central America (BP),,2020,26.003164
South and Central America (BP),,2021,31.755342000000002
Spain,ESP,1997,0.512
Spain,ESP,1998,0.723
Spain,ESP,1999,1.408
Spain,ESP,2000,2.206
Spain,ESP,2001,3.3970000000000002
Spain,ESP,2002,4.891
Spain,ESP,2003,5.945
Spain,ESP,2004,8.317
Spain,ESP,2005,9.918000000000001
Spain,ESP,2006,11.722
Spain,ESP,2007,14.82
Spain,ESP,2008,16.555
Spain,ESP,2009,19.176000000000002
Spain,ESP,2010,20.693
Spain,ESP,2011,21.529
Spain,ESP,2012,22.789
Spain,ESP,2013,22.958000000000002
Spain,ESP,2014,22.925
Spain,ESP,2015,22.943
Spain,ESP,2016,22.990000000000002
Spain,ESP,2017,23.124479
Spain,ESP,2018,23.405055
Spain,ESP,2019,25.590076
Spain,ESP,2020,26.81919
Spain,ESP,2021,27.49719
Sweden,SWE,1997,0.122
Sweden,SWE,1998,0.176
Sweden,SWE,1999,0.22
Sweden,SWE,2000,0.209
Sweden,SWE,2001,0.295
Sweden,SWE,2002,0.357
Sweden,SWE,2003,0.417
Sweden,SWE,2004,0.47500000000000003
Sweden,SWE,2005,0.522
Sweden,SWE,2006,0.585
Sweden,SWE,2007,0.8230000000000001
Sweden,SWE,2008,1.089
Sweden,SWE,2009,1.475
Sweden,SWE,2010,2.017
Sweden,SWE,2011,2.7640000000000002
Sweden,SWE,2012,3.606
Sweden,SWE,2013,4.194
Sweden,SWE,2014,5.088
Sweden,SWE,2015,5.819
Sweden,SWE,2016,6.4350000000000005
Sweden,SWE,2017,6.611
Sweden,SWE,2018,7.3
Sweden,SWE,2019,8.681000000000001
Sweden,SWE,2020,9.976
Sweden,SWE,2021,12.08
Taiwan,TWN,1997,0.001
Taiwan,TWN,1998,0.001
Taiwan,TWN,1999,0.001
Taiwan,TWN,2000,0.0026000000000000003
Taiwan,TWN,2001,0.005
Taiwan,TWN,2002,0.008539999999999999
Taiwan,TWN,2003,0.008539999999999999
Taiwan,TWN,2004,0.008539999999999999
Taiwan,TWN,2005,0.023940000000000003
Taiwan,TWN,2006,0.10199
Taiwan,TWN,2007,0.18599000000000002
Taiwan,TWN,2008,0.25039
Taiwan,TWN,2009,0.37429
Taiwan,TWN,2010,0.47589
Taiwan,TWN,2011,0.5226900000000001
Taiwan,TWN,2012,0.57099
Taiwan,TWN,2013,0.61419
Taiwan,TWN,2014,0.63719
Taiwan,TWN,2015,0.6466900000000001
Taiwan,TWN,2016,0.6820900000000001
Taiwan,TWN,2017,0.69239
Taiwan,TWN,2018,0.713151
Taiwan,TWN,2019,0.845159
Taiwan,TWN,2020,0.937115
Taiwan,TWN,2021,1.033368
Thailand,THA,1997,0
Thailand,THA,1998,0
Thailand,THA,1999,0
Thailand,THA,2000,0
Thailand,THA,2001,0
Thailand,THA,2002,0
Thailand,THA,2003,0
Thailand,THA,2004,0
Thailand,THA,2005,0
Thailand,THA,2006,0.00034
Thailand,THA,2007,0.00094
Thailand,THA,2008,0.00108
Thailand,THA,2009,0.0050999999999999995
Thailand,THA,2010,0.0056
Thailand,THA,2011,0.0073
Thailand,THA,2012,0.11170000000000001
Thailand,THA,2013,0.22269999999999998
Thailand,THA,2014,0.2245
Thailand,THA,2015,0.2339
Thailand,THA,2016,0.50704
Thailand,THA,2017,0.62782
Thailand,THA,2018,1.10282
Thailand,THA,2019,1.50682
Thailand,THA,2020,1.50682
Thailand,THA,2021,1.50682
Tunisia,TUN,1997,0
Tunisia,TUN,1998,0.002
Tunisia,TUN,1999,0.008
Tunisia,TUN,2000,0.01065
Tunisia,TUN,2001,0.01065
Tunisia,TUN,2002,0.01065
Tunisia,TUN,2003,0.019370000000000002
Tunisia,TUN,2004,0.019370000000000002
Tunisia,TUN,2005,0.019370000000000002
Tunisia,TUN,2006,0.019370000000000002
Tunisia,TUN,2007,0.019370000000000002
Tunisia,TUN,2008,0.019370000000000002
Tunisia,TUN,2009,0.05369
Tunisia,TUN,2010,0.05369
Tunisia,TUN,2011,0.05369
Tunisia,TUN,2012,0.17300000000000001
Tunisia,TUN,2013,0.2
Tunisia,TUN,2014,0.233
Tunisia,TUN,2015,0.24
Tunisia,TUN,2016,0.24
Tunisia,TUN,2017,0.24
Tunisia,TUN,2018,0.245
Tunisia,TUN,2019,0.245
Tunisia,TUN,2020,0.245
Tunisia,TUN,2021,0.245
Turkey,TUR,1997,0.009000000000000001
Turkey,TUR,1998,0.009000000000000001
Turkey,TUR,1999,0.009000000000000001
Turkey,TUR,2000,0.019
Turkey,TUR,2001,0.019
Turkey,TUR,2002,0.019
Turkey,TUR,2003,0.019
Turkey,TUR,2004,0.019
Turkey,TUR,2005,0.021
Turkey,TUR,2006,0.059000000000000004
Turkey,TUR,2007,0.146
Turkey,TUR,2008,0.364
Turkey,TUR,2009,0.792
Turkey,TUR,2010,1.32
Turkey,TUR,2011,1.729
Turkey,TUR,2012,2.261
Turkey,TUR,2013,2.7600000000000002
Turkey,TUR,2014,3.63
Turkey,TUR,2015,4.503
Turkey,TUR,2016,5.751
Turkey,TUR,2017,6.51615
Turkey,TUR,2018,7.005386000000001
Turkey,TUR,2019,7.591156
Turkey,TUR,2020,8.832356
Turkey,TUR,2021,10.606956
Ukraine,UKR,2000,0.005
Ukraine,UKR,2001,0.03623
Ukraine,UKR,2002,0.04623
Ukraine,UKR,2003,0.0544
Ukraine,UKR,2004,0.0714
Ukraine,UKR,2005,0.0766
Ukraine,UKR,2006,0.0766
Ukraine,UKR,2007,0.082
Ukraine,UKR,2008,0.083
Ukraine,UKR,2009,0.08600000000000001
Ukraine,UKR,2010,0.088
Ukraine,UKR,2011,0.146
Ukraine,UKR,2012,0.248
Ukraine,UKR,2013,0.362
Ukraine,UKR,2014,0.5139
Ukraine,UKR,2015,0.5139
Ukraine,UKR,2016,0.526
Ukraine,UKR,2017,0.553
Ukraine,UKR,2018,0.62077
Ukraine,UKR,2019,1.25777
Ukraine,UKR,2020,1.4020000000000001
Ukraine,UKR,2021,1.7610000000000001
United Kingdom,GBR,1997,0.328
United Kingdom,GBR,1998,0.338
United Kingdom,GBR,1999,0.362
United Kingdom,GBR,2000,0.41200000000000003
United Kingdom,GBR,2001,0.493
United Kingdom,GBR,2002,0.534
United Kingdom,GBR,2003,0.742
United Kingdom,GBR,2004,0.933
United Kingdom,GBR,2005,1.565
United Kingdom,GBR,2006,1.955
United Kingdom,GBR,2007,2.477
United Kingdom,GBR,2008,3.446
United Kingdom,GBR,2009,4.422
United Kingdom,GBR,2010,5.421232
United Kingdom,GBR,2011,6.596285
United Kingdom,GBR,2012,9.03042
United Kingdom,GBR,2013,11.282272
United Kingdom,GBR,2014,13.073953
United Kingdom,GBR,2015,14.305634
United Kingdom,GBR,2016,16.125935
United Kingdom,GBR,2017,19.584998
United Kingdom,GBR,2018,21.767220000000002
United Kingdom,GBR,2019,24.095380000000002
United Kingdom,GBR,2020,24.484990000000003
United Kingdom,GBR,2021,27.129990000000003
United States,USA,1997,1.611
United States,USA,1998,2.141
United States,USA,1999,2.445
United States,USA,2000,2.3770000000000002
United States,USA,2001,3.864
United States,USA,2002,4.417
United States,USA,2003,5.995
United States,USA,2004,6.456
United States,USA,2005,8.706
United States,USA,2006,11.329
United States,USA,2007,16.515
United States,USA,2008,24.651
United States,USA,2009,34.296
United States,USA,2010,39.135
United States,USA,2011,45.676
United States,USA,2012,59.075
United States,USA,2013,59.973
United States,USA,2014,64.23201999999999
United States,USA,2015,72.57302
United States,USA,2016,81.286
United States,USA,2017,87.59700000000001
United States,USA,2018,94.516
United States,USA,2019,104.0522
United States,USA,2020,118.7317
United States,USA,2021,132.73760000000001
Upper-middle-income countries,,1997,0.193
Upper-middle-income countries,,1998,0.271
Upper-middle-income countries,,1999,0.34400000000000003
Upper-middle-income countries,,2000,0.46001200000000003
Upper-middle-income countries,,2001,0.534529
Upper-middle-income countries,,2002,0.607658
Upper-middle-income countries,,2003,0.715889
Upper-middle-income countries,,2004,0.93498895
Upper-middle-income countries,,2005,1.247989
Upper-middle-income countries,,2006,2.606329
Upper-middle-income countries,,2007,4.836329
Upper-middle-income countries,,2008,9.484396
Upper-middle-income countries,,2009,19.934596000000003
Upper-middle-income countries,,2010,33.446965
Upper-middle-income countries,,2011,51.856339999999996
Upper-middle-income countries,,2012,70.47971000000001
Upper-middle-income countries,,2013,88.095234
Upper-middle-income countries,,2014,113.062375
Upper-middle-income countries,,2015,152.18525
Upper-middle-income countries,,2016,174.91392000000002
Upper-middle-income countries,,2017,194.65816
Upper-middle-income countries,,2018,219.8074
Upper-middle-income countries,,2019,248.49834
Upper-middle-income countries,,2020,326.86665999999997
Upper-middle-income countries,,2021,382.875
Uruguay,URY,1997,0
Uruguay,URY,1998,0
Uruguay,URY,1999,0
Uruguay,URY,2000,0.00015
Uruguay,URY,2001,0.00015
Uruguay,URY,2002,0.00015
Uruguay,URY,2003,0.00015
Uruguay,URY,2004,0.00015
Uruguay,URY,2005,0.00015
Uruguay,URY,2006,0.00015
Uruguay,URY,2007,0.00015
Uruguay,URY,2008,0.0146
Uruguay,URY,2009,0.030600000000000002
Uruguay,URY,2010,0.040600000000000004
Uruguay,URY,2011,0.043605
Uruguay,URY,2012,0.052605
Uruguay,URY,2013,0.059417000000000005
Uruguay,URY,2014,0.481268
Uruguay,URY,2015,0.856756
Uruguay,URY,2016,1.2114559999999999
Uruguay,URY,2017,1.510656
Uruguay,URY,2018,1.510656
Uruguay,URY,2019,1.513856
Uruguay,URY,2020,1.513856
Uruguay,URY,2021,1.513856
World,OWID_WRL,1995,4.7780000000000005
World,OWID_WRL,1996,6.07
World,OWID_WRL,1997,7.623075
World,OWID_WRL,1998,9.936174999999999
World,OWID_WRL,1999,13.426555
World,OWID_WRL,2000,16.932482
World,OWID_WRL,2001,23.968965
World,OWID_WRL,2002,30.733412
World,OWID_WRL,2003,38.670547
World,OWID_WRL,2004,47.68539
World,OWID_WRL,2005,58.408125
World,OWID_WRL,2006,73.16167
World,OWID_WRL,2007,91.55306
World,OWID_WRL,2008,115.56528999999999
World,OWID_WRL,2009,150.12058
World,OWID_WRL,2010,180.85153
World,OWID_WRL,2011,220.1219
World,OWID_WRL,2012,266.91825
World,OWID_WRL,2013,299.83962
World,OWID_WRL,2014,349.30678000000006
World,OWID_WRL,2015,416.17006
World,OWID_WRL,2016,466.86603
World,OWID_WRL,2017,514.2148
World,OWID_WRL,2018,563.4657
World,OWID_WRL,2019,621.2700600000001
World,OWID_WRL,2020,731.7632
World,OWID_WRL,2021,824.8740600000001