Entity,Code,Year,Solar (% growth)
Africa,,2001,25.282646
Africa,,2002,12.297559
Africa,,2003,19.4026
Africa,,2004,22.471296
Africa,,2005,19.606007
Africa,,2006,29.025114
Africa,,2007,33.14861
Africa,,2008,43.92791
Africa,,2009,31.88771
Africa,,2010,125.47302
Africa,,2011,178.67827
Africa,,2012,64.869095
Africa,,2013,-20.665604
Africa,,2014,141.79065
Africa,,2015,71.131805
Africa,,2016,65.22681
Africa,,2017,44.377472
Africa,,2018,29.332388
Africa,,2019,28.256166
Africa,,2020,24.541998
Africa,,2021,2.8422475
Africa (BP),,2001,25.282646
Africa (BP),,2002,12.297546
Africa (BP),,2003,19.402622
Africa (BP),,2004,22.471285
Africa (BP),,2005,19.606007
Africa (BP),,2006,29.025114
Africa (BP),,2007,33.14861
Africa (BP),,2008,43.92791
Africa (BP),,2009,31.887722
Africa (BP),,2010,125.47302
Africa (BP),,2011,178.67827
Africa (BP),,2012,64.869095
Africa (BP),,2013,-20.665604
Africa (BP),,2014,141.79065
Africa (BP),,2015,71.131805
Africa (BP),,2016,65.22681
Africa (BP),,2017,44.377472
Africa (BP),,2018,29.332388
Africa (BP),,2019,28.256166
Africa (BP),,2020,24.541998
Africa (BP),,2021,2.8422475
Algeria,DZA,2011,99.10713
Algeria,DZA,2012,47.48818
Algeria,DZA,2013,7.023859
Algeria,DZA,2014,109.79021
Algeria,DZA,2015,-3.333336
Algeria,DZA,2016,322.41382
Algeria,DZA,2017,105.71427
Algeria,DZA,2018,19.642853
Algeria,DZA,2019,1.990056
Algeria,DZA,2020,11.382114
Algeria,DZA,2021,-3.0656993
Argentina,ARG,1999,52.941166
Argentina,ARG,2000,38.46154
Argentina,ARG,2001,19.444443
Argentina,ARG,2002,9.30233
Argentina,ARG,2003,38.297867
Argentina,ARG,2004,7.692313
Argentina,ARG,2005,15.714275
Argentina,ARG,2006,11.111116
Argentina,ARG,2007,21.000004
Argentina,ARG,2008,31.955921
Argentina,ARG,2009,-47.05359
Argentina,ARG,2010,12.888395
Argentina,ARG,2011,1779.1477
Argentina,ARG,2012,406.3796
Argentina,ARG,2013,84.43828
Argentina,ARG,2014,5.7709813
Argentina,ARG,2015,-7.9089346
Argentina,ARG,2016,-2.7923465
Argentina,ARG,2017,15.021372
Argentina,ARG,2018,558.6465
Argentina,ARG,2019,639.5708
Argentina,ARG,2020,68.10822
Argentina,ARG,2021,63.31687
Asia,,1991,0
Asia,,1992,287.5
Asia,,1993,83.87097
Asia,,1994,26.315773
Asia,,1995,37.528072
Asia,,1996,46.557163
Asia,,1997,60.37003
Asia,,1998,43.787395
Asia,,1999,46.82542
Asia,,2000,55.387188
Asia,,2001,45.220436
Asia,,2002,39.046192
Asia,,2003,36.657368
Asia,,2004,32.036625
Asia,,2005,27.153133
Asia,,2006,24.044085
Asia,,2007,19.949162
Asia,,2008,21.273983
Asia,,2009,29.20432
Asia,,2010,42.070545
Asia,,2011,76.60194
Asia,,2012,50.552868
Asia,,2013,87.70833
Asia,,2014,102.968506
Asia,,2015,54.191982
Asia,,2016,51.139675
Asia,,2017,57.483257
Asia,,2018,42.62204
Asia,,2019,26.135445
Asia,,2020,19.377089
Asia,,2021,23.945772
Asia Pacific (BP),,1991,136.24997
Asia Pacific (BP),,1992,192.06349
Asia Pacific (BP),,1993,56.159424
Asia Pacific (BP),,1994,23.897911
Asia Pacific (BP),,1995,32.32229
Asia Pacific (BP),,1996,38.919437
Asia Pacific (BP),,1997,49.77031
Asia Pacific (BP),,1998,38.025536
Asia Pacific (BP),,1999,41.074417
Asia Pacific (BP),,2000,49.68021
Asia Pacific (BP),,2001,42.013657
Asia Pacific (BP),,2002,36.253513
Asia Pacific (BP),,2003,34.670757
Asia Pacific (BP),,2004,31.096506
Asia Pacific (BP),,2005,26.558231
Asia Pacific (BP),,2006,23.673832
Asia Pacific (BP),,2007,19.958996
Asia Pacific (BP),,2008,21.171677
Asia Pacific (BP),,2009,31.599867
Asia Pacific (BP),,2010,53.760433
Asia Pacific (BP),,2011,80.49748
Asia Pacific (BP),,2012,44.31845
Asia Pacific (BP),,2013,84.47564
Asia Pacific (BP),,2014,94.4484
Asia Pacific (BP),,2015,51.863827
Asia Pacific (BP),,2016,48.29606
Asia Pacific (BP),,2017,55.263664
Asia Pacific (BP),,2018,40.614235
Asia Pacific (BP),,2019,26.053131
Asia Pacific (BP),,2020,19.584894
Asia Pacific (BP),,2021,24.601877
Australia,AUS,1992,122.01834
Australia,AUS,1993,20.661163
Australia,AUS,1994,19.178082
Australia,AUS,1995,21.551727
Australia,AUS,1996,21.04019
Australia,AUS,1997,19.726562
Australia,AUS,1998,16.150082
Australia,AUS,1999,14.044952
Australia,AUS,2000,15.147781
Australia,AUS,2001,15.828872
Australia,AUS,2002,7.6638937
Australia,AUS,2003,8.404803
Australia,AUS,2004,15.427219
Australia,AUS,2005,15.21591
Australia,AUS,2006,16.00238
Australia,AUS,2007,16.666676
Australia,AUS,2008,22.373629
Australia,AUS,2009,108.5072
Australia,AUS,2010,236.83899
Australia,AUS,2011,109.12904
Australia,AUS,2012,17.972363
Australia,AUS,2013,59.51078
Australia,AUS,2014,28.710306
Australia,AUS,2015,25.111557
Australia,AUS,2016,20.083069
Australia,AUS,2017,19.863247
Australia,AUS,2018,38.2951
Australia,AUS,2019,48.36345
Australia,AUS,2020,30.309212
Australia,AUS,2021,30.831898
Austria,AUT,1994,0
Austria,AUT,1995,0
Austria,AUT,1996,0
Austria,AUT,1997,100
Austria,AUT,1998,0
Austria,AUT,1999,0
Austria,AUT,2000,50
Austria,AUT,2001,66.666664
Austria,AUT,2002,79.99999
Austria,AUT,2003,66.66667
Austria,AUT,2004,19.999992
Austria,AUT,2005,16.768753
Austria,AUT,2006,6.510973
Austria,AUT,2007,8.270466
Austria,AUT,2008,24.265396
Austria,AUT,2009,62.398495
Austria,AUT,2010,81.56895
Austria,AUT,2011,95.99573
Austria,AUT,2012,93.87783
Austria,AUT,2013,85.4831
Austria,AUT,2014,25.443876
Austria,AUT,2015,19.338142
Austria,AUT,2016,16.958523
Austria,AUT,2017,15.78033
Austria,AUT,2018,14.67024
Austria,AUT,2019,16.97172
Austria,AUT,2020,20.024813
Austria,AUT,2021,4.0124416
Azerbaijan,AZE,2014,262.5
Azerbaijan,AZE,2015,58.62069
Azerbaijan,AZE,2016,667.3913
Azerbaijan,AZE,2017,5.3824306
Azerbaijan,AZE,2018,5.537629
Azerbaijan,AZE,2019,12.582779
Azerbaijan,AZE,2020,6.3348413
Azerbaijan,AZE,2021,17.446815
Bangladesh,BGD,2003,800
Bangladesh,BGD,2004,111.111115
Bangladesh,BGD,2005,78.947365
Bangladesh,BGD,2006,58.823524
Bangladesh,BGD,2007,66.66665
Bangladesh,BGD,2008,68.8889
Bangladesh,BGD,2009,65.131584
Bangladesh,BGD,2010,76.494026
Bangladesh,BGD,2011,31.82844
Bangladesh,BGD,2012,55.650677
Bangladesh,BGD,2013,42.533566
Bangladesh,BGD,2014,28.853916
Bangladesh,BGD,2015,18.833519
Bangladesh,BGD,2016,10.892749
Bangladesh,BGD,2017,15.164614
Bangladesh,BGD,2018,8.567631
Bangladesh,BGD,2019,19.077087
Bangladesh,BGD,2020,19.095373
Bangladesh,BGD,2021,15.534973
Belarus,BLR,2014,400.00006
Belarus,BLR,2015,349.99994
Belarus,BLR,2016,188.8889
Belarus,BLR,2017,242.3077
Belarus,BLR,2018,32.584274
Belarus,BLR,2019,51.694916
Belarus,BLR,2020,-5.027932
Belarus,BLR,2021,67.665634
Belgium,BEL,2005,0
Belgium,BEL,2006,100
Belgium,BEL,2007,200
Belgium,BEL,2008,600
Belgium,BEL,2009,295.2381
Belgium,BEL,2010,237.34941
Belgium,BEL,2011,108.75001
Belgium,BEL,2012,83.74679
Belgium,BEL,2013,23.091244
Belgium,BEL,2014,9.160364
Belgium,BEL,2015,5.893564
Belgium,BEL,2016,1.276052
Belgium,BEL,2017,6.865251
Belgium,BEL,2018,17.999876
Belgium,BEL,2019,8.92601
Belgium,BEL,2020,20.081854
Belgium,BEL,2021,9.848261
Brazil,BRA,2013,389.14218
Brazil,BRA,2014,235.48534
Brazil,BRA,2015,266.36075
Brazil,BRA,2016,44.712055
Brazil,BRA,2017,875.6129
Brazil,BRA,2018,316.13116
Brazil,BRA,2019,92.24915
Brazil,BRA,2020,61.51798
Brazil,BRA,2021,55.85922
Bulgaria,BGR,2010,400
Bulgaria,BGR,2011,573.3334
Bulgaria,BGR,2012,705.94055
Bulgaria,BGR,2013,67.199005
Bulgaria,BGR,2014,-8.008814
Bulgaria,BGR,2015,10.463262
Bulgaria,BGR,2016,0.21692514
Bulgaria,BGR,2017,1.2240171
Bulgaria,BGR,2018,-4.2901993
Bulgaria,BGR,2019,7.4267864
Bulgaria,BGR,2020,2.658987
Bulgaria,BGR,2021,0.5886078
CIS (BP),,2010,3155.932
CIS (BP),,2011,659.0838
CIS (BP),,2012,247.70314
CIS (BP),,2013,197.3275
CIS (BP),,2014,841.29803
CIS (BP),,2015,131.73193
CIS (BP),,2016,55.798294
CIS (BP),,2017,22.774517
CIS (BP),,2018,21.160877
CIS (BP),,2019,76.850334
CIS (BP),,2020,101.709274
CIS (BP),,2021,20.786535
Canada,CAN,1993,0
Canada,CAN,1994,0
Canada,CAN,1995,87.179436
Canada,CAN,1996,53.424667
Canada,CAN,1997,17.857134
Canada,CAN,1998,45.454563
Canada,CAN,1999,31.249989
Canada,CAN,2000,23.809528
Canada,CAN,2001,19.230759
Canada,CAN,2002,16.129028
Canada,CAN,2003,0.23149252
Canada,CAN,2004,-37.4134
Canada,CAN,2005,19.188202
Canada,CAN,2006,23.529398
Canada,CAN,2007,23.809528
Canada,CAN,2008,34.615387
Canada,CAN,2009,211.42857
Canada,CAN,2010,134.45465
Canada,CAN,2011,123.714615
Canada,CAN,2012,54.063965
Canada,CAN,2013,70.18369
Canada,CAN,2014,41.44199
Canada,CAN,2015,36.541367
Canada,CAN,2016,39.28808
Canada,CAN,2017,-11.372704
Canada,CAN,2018,6.2464356
Canada,CAN,2019,7.4487805
Canada,CAN,2020,4.917085
Canada,CAN,2021,20.589935
Central America (BP),,2006,18.971205
Central America (BP),,2007,1.5412211
Central America (BP),,2008,0.46271086
Central America (BP),,2009,11.147428
Central America (BP),,2010,38.36819
Central America (BP),,2011,22.687006
Central America (BP),,2012,64.51812
Central America (BP),,2013,47.93998
Central America (BP),,2014,325.76974
Central America (BP),,2015,4506.964
Central America (BP),,2016,97.77872
Central America (BP),,2017,24.072027
Central America (BP),,2018,23.209118
Central America (BP),,2019,23.36911
Central America (BP),,2020,16.452015
Central America (BP),,2021,16.98395
Chile,CHL,2013,1884.9467
Chile,CHL,2014,6689.1504
Chile,CHL,2015,196.50354
Chile,CHL,2016,87.50557
Chile,CHL,2017,52.766502
Chile,CHL,2018,31.385744
Chile,CHL,2019,23.082043
Chile,CHL,2020,20.866192
Chile,CHL,2021,39.153576
China,CHN,1991,0
China,CHN,1992,50
China,CHN,1993,33.333336
China,CHN,1994,24.999989
China,CHN,1995,40.000008
China,CHN,1996,28.571415
China,CHN,1997,22.222221
China,CHN,1998,27.272738
China,CHN,1999,21.428574
China,CHN,2000,29.411757
China,CHN,2001,40.90909
China,CHN,2002,54.83872
China,CHN,2003,33.333336
China,CHN,2004,18.749989
China,CHN,2005,10.526323
China,CHN,2006,13.095236
China,CHN,2007,20.000004
China,CHN,2008,33.333324
China,CHN,2009,83.55264
China,CHN,2010,151.25446
China,CHN,2011,272.32526
China,CHN,2012,37.72069
China,CHN,2013,132.96323
China,CHN,2014,180.77956
China,CHN,2015,67.91555
China,CHN,2016,68.508064
China,CHN,2017,77.06845
China,CHN,2018,50.169765
China,CHN,2019,26.625216
China,CHN,2020,16.562498
China,CHN,2021,25.239372
Colombia,COL,2001,45.434856
Colombia,COL,2002,74.28571
Colombia,COL,2003,37.70492
Colombia,COL,2004,24.148727
Colombia,COL,2005,19.863914
Colombia,COL,2006,-100
Colombia,COL,2018,140.00002
Colombia,COL,2019,1000.5
Colombia,COL,2020,44.479774
Colombia,COL,2021,66.311134
Croatia,HRV,2010,0
Croatia,HRV,2011,0
Croatia,HRV,2012,12047.717
Croatia,HRV,2013,464.69794
Croatia,HRV,2014,209.90019
Croatia,HRV,2015,62.85714
Croatia,HRV,2016,15.789473
Croatia,HRV,2017,19.242418
Croatia,HRV,2018,-4.828459
Croatia,HRV,2019,10.947931
Croatia,HRV,2020,14.921784
Croatia,HRV,2021,1.8780112
Cyprus,CYP,2005,41.500008
Cyprus,CYP,2006,77.03179
Cyprus,CYP,2007,72.95411
Cyprus,CYP,2008,73.110214
Cyprus,CYP,2009,33.333336
Cyprus,CYP,2010,75
Cyprus,CYP,2011,71.42857
Cyprus,CYP,2012,83.33333
Cyprus,CYP,2013,113.63635
Cyprus,CYP,2014,77.872345
Cyprus,CYP,2015,51.50598
Cyprus,CYP,2016,15.220392
Cyprus,CYP,2017,17.872787
Cyprus,CYP,2018,11.516094
Cyprus,CYP,2019,13.781476
Cyprus,CYP,2020,35.43414
Cyprus,CYP,2021,60.31332
Czechia,CZE,2005,-32
Czechia,CZE,2006,150
Czechia,CZE,2007,931.7647
Czechia,CZE,2008,637.5713
Czechia,CZE,2009,586.45746
Czechia,CZE,2010,593.3034
Czechia,CZE,2011,243.9976
Czechia,CZE,2012,2.6015043
Czechia,CZE,2013,-4.735172
Czechia,CZE,2014,2.5456548
Czechia,CZE,2015,6.637144
Czechia,CZE,2016,-5.8662357
Czechia,CZE,2017,2.9266953
Czechia,CZE,2018,6.6705227
Czechia,CZE,2019,-2.2984803
Czechia,CZE,2020,-2.309817
Czechia,CZE,2021,-3.690809
Denmark,DNK,1997,98.27571
Denmark,DNK,1998,25.21757
Denmark,DNK,1999,120.139
Denmark,DNK,2000,36.277546
Denmark,DNK,2001,0
Denmark,DNK,2002,6.712997
Denmark,DNK,2003,18.655025
Denmark,DNK,2004,21.023798
Denmark,DNK,2005,17.522644
Denmark,DNK,2006,2.4421692
Denmark,DNK,2007,12.672496
Denmark,DNK,2008,5.1225066
Denmark,DNK,2009,43.008484
Denmark,DNK,2010,64.296295
Denmark,DNK,2011,145.58163
Denmark,DNK,2012,586.43286
Denmark,DNK,2013,398.3017
Denmark,DNK,2014,15.066433
Denmark,DNK,2015,1.4683723
Denmark,DNK,2016,23.089266
Denmark,DNK,2017,1.0360003
Denmark,DNK,2018,26.81179
Denmark,DNK,2019,1.0804534
Denmark,DNK,2020,22.554695
Denmark,DNK,2021,8.249378
Eastern Africa (BP),,2002,99.42528
Eastern Africa (BP),,2003,0
Eastern Africa (BP),,2004,100.28818
Eastern Africa (BP),,2005,97.553955
Eastern Africa (BP),,2006,286.52588
Eastern Africa (BP),,2007,90.48959
Eastern Africa (BP),,2008,89.2626
Eastern Africa (BP),,2009,75.00002
Eastern Africa (BP),,2010,190.79266
Eastern Africa (BP),,2011,82.86368
Eastern Africa (BP),,2012,39.904713
Eastern Africa (BP),,2013,24.660599
Eastern Africa (BP),,2014,31.059801
Eastern Africa (BP),,2015,14.489484
Eastern Africa (BP),,2016,14.294291
Eastern Africa (BP),,2017,14.410294
Eastern Africa (BP),,2018,19.208574
Eastern Africa (BP),,2019,43.089043
Eastern Africa (BP),,2020,12.677574
Eastern Africa (BP),,2021,15.828741
Ecuador,ECU,2006,19.959677
Ecuador,ECU,2007,22.09748
Ecuador,ECU,2008,46.93866
Ecuador,ECU,2009,-70.47251
Ecuador,ECU,2010,-100
Ecuador,ECU,2012,460.32343
Ecuador,ECU,2013,1024.9791
Ecuador,ECU,2014,349.9035
Ecuador,ECU,2015,118.7623
Ecuador,ECU,2016,7.479322
Ecuador,ECU,2017,-3.2894433
Ecuador,ECU,2018,1.5990496
Ecuador,ECU,2019,337.1198
Ecuador,ECU,2020,-77.31482
Ecuador,ECU,2021,-2.3569942
Egypt,EGY,2001,350
Egypt,EGY,2002,11.111116
Egypt,EGY,2003,0
Egypt,EGY,2004,0
Egypt,EGY,2005,0
Egypt,EGY,2006,0
Egypt,EGY,2007,20.000004
Egypt,EGY,2008,25
Egypt,EGY,2009,46.66667
Egypt,EGY,2010,1045.4546
Egypt,EGY,2011,870.5119
Egypt,EGY,2012,106.159
Egypt,EGY,2013,-94.954994
Egypt,EGY,2014,448.60638
Egypt,EGY,2015,-69.903046
Egypt,EGY,2016,456.2143
Egypt,EGY,2017,157.92775
Egypt,EGY,2018,-8.220464
Egypt,EGY,2019,169.42584
Egypt,EGY,2020,90.37473
Egypt,EGY,2021,-0.27322173
Estonia,EST,2010,0
Estonia,EST,2011,100
Estonia,EST,2012,50.00001
Estonia,EST,2013,366.66666
Estonia,EST,2014,121.42859
Estonia,EST,2015,90.32258
Estonia,EST,2016,64.01695
Estonia,EST,2017,49.75716
Estonia,EST,2018,112.544846
Estonia,EST,2019,138.62088
Estonia,EST,2020,72.66913
Estonia,EST,2021,98.666
Europe,,1985,0
Europe,,1986,0
Europe,,1987,-100
Europe,,1989,799.9999
Europe,,1990,37.50001
Europe,,1991,24
Europe,,1992,61.85807
Europe,,1993,29.077637
Europe,,1994,7.119477
Europe,,1995,29.264748
Europe,,1996,6.6267014
Europe,,1997,19.064129
Europe,,1998,17.851616
Europe,,1999,19.540691
Europe,,2000,-7.138342
Europe,,2001,160.76813
Europe,,2002,62.075687
Europe,,2003,48.908733
Europe,,2004,60.252083
Europe,,2005,101.35634
Europe,,2006,69.87017
Europe,,2007,50.93702
Europe,,2008,95.71037
Europe,,2009,88.75611
Europe,,2010,64.01611
Europe,,2011,100.48442
Europe,,2012,53.350174
Europe,,2013,19.819843
Europe,,2014,12.630534
Europe,,2015,11.184335
Europe,,2016,3.2012463
Europe,,2017,7.730007
Europe,,2018,7.1448565
Europe,,2019,10.259426
Europe,,2020,17.123806
Europe,,2021,11.144484
Europe (BP),,1985,0
Europe (BP),,1986,0
Europe (BP),,1987,-100
Europe (BP),,1989,799.9999
Europe (BP),,1990,37.50001
Europe (BP),,1991,24
Europe (BP),,1992,61.85806
Europe (BP),,1993,29.077648
Europe (BP),,1994,7.119477
Europe (BP),,1995,29.264748
Europe (BP),,1996,6.6267014
Europe (BP),,1997,19.064129
Europe (BP),,1998,17.851616
Europe (BP),,1999,19.540691
Europe (BP),,2000,-7.138342
Europe (BP),,2001,160.76813
Europe (BP),,2002,62.07566
Europe (BP),,2003,48.90876
Europe (BP),,2004,60.25207
Europe (BP),,2005,101.35634
Europe (BP),,2006,69.87016
Europe (BP),,2007,50.937035
Europe (BP),,2008,95.71039
Europe (BP),,2009,88.756096
Europe (BP),,2010,64.03287
Europe (BP),,2011,100.47102
Europe (BP),,2012,53.34487
Europe (BP),,2013,19.813644
Europe (BP),,2014,12.469196
Europe (BP),,2015,11.194908
Europe (BP),,2016,3.8517833
Europe (BP),,2017,9.211338
Europe (BP),,2018,10.924541
Europe (BP),,2019,10.482943
Europe (BP),,2020,16.756702
Europe (BP),,2021,11.329436
European Union (27),,1990,26.499998
European Union (27),,1991,17.391312
European Union (27),,1992,63.61481
European Union (27),,1993,28.49964
European Union (27),,1994,4.599583
European Union (27),,1995,30.825066
European Union (27),,1996,5.075729
European Union (27),,1997,22.334026
European Union (27),,1998,18.351578
European Union (27),,1999,17.10918
European Union (27),,2000,-17.377377
European Union (27),,2001,203.92972
European Union (27),,2002,67.57143
European Union (27),,2003,51.494335
European Union (27),,2004,63.768696
European Union (27),,2005,104.396225
European Union (27),,2006,71.09553
European Union (27),,2007,51.464878
European Union (27),,2008,96.68727
European Union (27),,2009,89.21183
European Union (27),,2010,63.946808
European Union (27),,2011,99.767265
European Union (27),,2012,50.546097
European Union (27),,2013,18.799103
European Union (27),,2014,10.210085
European Union (27),,2015,7.5001717
European Union (27),,2016,0.19415617
European Union (27),,2017,6.9090843
European Union (27),,2018,6.2751174
European Union (27),,2019,9.56608
European Union (27),,2020,16.236233
European Union (27),,2021,12.101698
Finland,FIN,1991,0
Finland,FIN,1992,20.000004
Finland,FIN,1993,16.666662
Finland,FIN,1994,14.285719
Finland,FIN,1995,0
Finland,FIN,1996,25.000011
Finland,FIN,1997,20.000004
Finland,FIN,1998,8.333325
Finland,FIN,1999,7.6923013
Finland,FIN,2000,14.285719
Finland,FIN,2001,6.25
Finland,FIN,2002,11.764706
Finland,FIN,2003,10.526312
Finland,FIN,2004,14.285719
Finland,FIN,2005,8.333325
Finland,FIN,2006,30.76923
Finland,FIN,2007,11.764706
Finland,FIN,2008,2.631569
Finland,FIN,2009,10.256422
Finland,FIN,2010,9.302319
Finland,FIN,2011,12.765956
Finland,FIN,2012,7.547176
Finland,FIN,2013,14.035093
Finland,FIN,2014,23.076927
Finland,FIN,2015,38.888885
Finland,FIN,2016,100
Finland,FIN,2017,122.72725
Finland,FIN,2018,83.67348
Finland,FIN,2019,63.33332
Finland,FIN,2020,48.97959
Finland,FIN,2021,39.269413
France,FRA,1993,13.104832
France,FRA,1994,11.6161585
France,FRA,1995,8.597279
France,FRA,1996,29.916668
France,FRA,1997,28.543938
France,FRA,1998,20.009983
France,FRA,1999,11.226606
France,FRA,2000,14.859808
France,FRA,2001,17.943811
France,FRA,2002,15.306389
France,FRA,2003,9.34546
France,FRA,2004,8.763456
France,FRA,2005,24.299002
France,FRA,2006,13.382745
France,FRA,2007,51.183628
France,FRA,2008,133.33334
France,FRA,2009,314.2857
France,FRA,2010,256.32187
France,FRA,2011,235.1613
France,FRA,2012,93.26273
France,FRA,2013,17.9034
France,FRA,2014,24.878561
France,FRA,2015,22.833801
France,FRA,2016,12.415802
France,FRA,2017,11.4842415
France,FRA,2018,14.379656
France,FRA,2019,12.82984
France,FRA,2020,10.0283985
France,FRA,2021,13
Germany,DEU,1991,0
Germany,DEU,1992,100
Germany,DEU,1993,50
Germany,DEU,1994,33.333336
Germany,DEU,1995,24.999989
Germany,DEU,1996,20.000004
Germany,DEU,1997,83.33333
Germany,DEU,1998,36.363636
Germany,DEU,1999,26.666664
Germany,DEU,2000,-100
Germany,DEU,2002,100
Germany,DEU,2003,56.499992
Germany,DEU,2004,77.95527
Germany,DEU,2005,134.82945
Germany,DEU,2006,73.16515
Germany,DEU,2007,38.49889
Germany,DEU,2008,43.704163
Germany,DEU,2009,48.95742
Germany,DEU,2010,78.15338
Germany,DEU,2011,67.1069
Germany,DEU,2012,33.780205
Germany,DEU,2013,14.496708
Germany,DEU,2014,12.857187
Germany,DEU,2015,7.561207
Germany,DEU,2016,-1.3478339
Germany,DEU,2017,3.335166
Germany,DEU,2018,14.688719
Germany,DEU,2019,2.1261454
Germany,DEU,2020,9.593761
Germany,DEU,2021,0.7380605
Greece,GRC,2005,0
Greece,GRC,2006,0
Greece,GRC,2007,0
Greece,GRC,2008,399.99994
Greece,GRC,2009,900
Greece,GRC,2010,216.00002
Greece,GRC,2011,286.07596
Greece,GRC,2012,177.70491
Greece,GRC,2013,115.34829
Greece,GRC,2014,3.9473653
Greece,GRC,2015,2.8481007
Greece,GRC,2016,0.7692337
Greece,GRC,2017,1.5643001
Greece,GRC,2018,-5.0313473
Greece,GRC,2019,16.82713
Greece,GRC,2020,0.41422844
Greece,GRC,2021,16.216433
High-income countries,,1984,110.37038
High-income countries,,1985,86.13959
High-income countries,,1986,29.25192
High-income countries,,1987,-30.168974
High-income countries,,1988,-3.8391829
High-income countries,,1989,2471.8345
High-income countries,,1990,46.93396
High-income countries,,1991,30.082916
High-income countries,,1992,-8.104056
High-income countries,,1993,19.130539
High-income countries,,1994,6.983149
High-income countries,,1995,6.6079855
High-income countries,,1996,8.364237
High-income countries,,1997,7.1333766
High-income countries,,1998,8.007622
High-income countries,,1999,11.507713
High-income countries,,2000,14.942789
High-income countries,,2001,34.125687
High-income countries,,2002,26.029194
High-income countries,,2003,25.206888
High-income countries,,2004,32.489788
High-income countries,,2005,42.17124
High-income countries,,2006,38.226128
High-income countries,,2007,35.398376
High-income countries,,2008,63.71585
High-income countries,,2009,66.48532
High-income countries,,2010,59.382854
High-income countries,,2011,87.02312
High-income countries,,2012,51.66594
High-income countries,,2013,30.931866
High-income countries,,2014,31.331326
High-income countries,,2015,22.772657
High-income countries,,2016,17.33694
High-income countries,,2017,20.697165
High-income countries,,2018,15.036583
High-income countries,,2019,14.70977
High-income countries,,2020,18.881012
High-income countries,,2021,18.37828
Hong Kong,HKG,2011,200
Hong Kong,HKG,2012,0
Hong Kong,HKG,2013,0
Hong Kong,HKG,2014,0
Hong Kong,HKG,2015,33.333336
Hong Kong,HKG,2016,0
Hong Kong,HKG,2017,40.125
Hong Kong,HKG,2018,13.880455
Hong Kong,HKG,2019,7.833314
Hong Kong,HKG,2020,14.528549
Hong Kong,HKG,2021,2.5640965
Hungary,HUN,2009,0
Hungary,HUN,2010,0
Hungary,HUN,2011,0
Hungary,HUN,2012,700
Hungary,HUN,2013,212.5
Hungary,HUN,2014,168
Hungary,HUN,2015,110.44776
Hungary,HUN,2016,73.04964
Hungary,HUN,2017,43.03279
Hungary,HUN,2018,80.229225
Hungary,HUN,2019,137.99681
Hungary,HUN,2020,64.26186
Hungary,HUN,2021,54.261433
India,IND,1996,499.99994
India,IND,1997,0
India,IND,1998,0
India,IND,1999,0
India,IND,2000,16.666676
India,IND,2001,57.142853
India,IND,2002,18.181812
India,IND,2003,23.076927
India,IND,2004,12.499989
India,IND,2005,0
India,IND,2006,-60.399998
India,IND,2007,719.44446
India,IND,2008,6.779659
India,IND,2009,19.047619
India,IND,2010,50.666653
India,IND,2011,631.85846
India,IND,2012,153.80893
India,IND,2013,63.554085
India,IND,2014,42.994465
India,IND,2015,33.762074
India,IND,2016,75.98707
India,IND,2017,86.43664
India,IND,2018,68.63318
India,IND,2019,27.349388
India,IND,2020,26.834631
India,IND,2021,16.397022
Indonesia,IDN,2009,0
Indonesia,IDN,2010,420.00003
Indonesia,IDN,2011,48.076916
Indonesia,IDN,2012,290.90912
Indonesia,IDN,2013,82.72425
Indonesia,IDN,2014,23.818184
Indonesia,IDN,2015,-22.466957
Indonesia,IDN,2016,299.43182
Indonesia,IDN,2017,37.742996
Indonesia,IDN,2018,210.74008
Indonesia,IDN,2019,31.02914
Indonesia,IDN,2020,44.54683
Indonesia,IDN,2021,12.663042
Iran,IRN,2007,0
Iran,IRN,2008,100
Iran,IRN,2009,50.00001
Iran,IRN,2010,133.33333
Iran,IRN,2011,0
Iran,IRN,2012,0
Iran,IRN,2013,0
Iran,IRN,2014,0
Iran,IRN,2015,114.28573
Iran,IRN,2016,233.33333
Iran,IRN,2017,1616.1
Iran,IRN,2018,158.51176
Iran,IRN,2019,130.13353
Iran,IRN,2020,24.59463
Iran,IRN,2021,5.7809114
Iraq,IRQ,2014,23.758102
Iraq,IRQ,2015,0.00872612
Iraq,IRQ,2016,0
Iraq,IRQ,2017,0
Iraq,IRQ,2018,557.0893
Iraq,IRQ,2019,0
Iraq,IRQ,2020,0.2739668
Iraq,IRQ,2021,-0.27321577
Ireland,IRL,2010,12.226915
Ireland,IRL,2011,13.856972
Ireland,IRL,2012,19.157278
Ireland,IRL,2013,8.287907
Ireland,IRL,2014,35.277344
Ireland,IRL,2015,70.85134
Ireland,IRL,2016,267.8042
Ireland,IRL,2017,94.349144
Ireland,IRL,2018,87.789894
Ireland,IRL,2019,84.69194
Ireland,IRL,2020,59.13174
Ireland,IRL,2021,-0.27322173
Israel,ISR,2010,191.66667
Israel,ISR,2011,174.28572
Israel,ISR,2012,92.187485
Israel,ISR,2013,33.902443
Israel,ISR,2014,70.08701
Israel,ISR,2015,44.7168
Israel,ISR,2016,34.476234
Israel,ISR,2017,0.4585743
Israel,ISR,2018,11.25989
Israel,ISR,2019,70.37747
Israel,ISR,2020,33.66512
Israel,ISR,2021,30.325806
Italy,ITA,1990,98
Italy,ITA,1991,24.999989
Italy,ITA,1992,79.99999
Italy,ITA,1993,22.222221
Italy,ITA,1994,0
Italy,ITA,1995,18.181824
Italy,ITA,1996,7.692313
Italy,ITA,1997,7.1428537
Italy,ITA,1998,6.666672
Italy,ITA,1999,6.25
Italy,ITA,2000,5.8823466
Italy,ITA,2001,5.555558
Italy,ITA,2002,10.526323
Italy,ITA,2003,14.285719
Italy,ITA,2004,20.833324
Italy,ITA,2005,6.8965554
Italy,ITA,2006,12.903225
Italy,ITA,2007,11.428571
Italy,ITA,2008,394.8718
Italy,ITA,2009,250.77719
Italy,ITA,2010,181.49188
Italy,ITA,2011,466.49527
Italy,ITA,2012,74.714935
Italy,ITA,2013,14.457345
Italy,ITA,2014,3.324902
Italy,ITA,2015,2.850306
Italy,ITA,2016,-3.652221
Italy,ITA,2017,10.284877
Italy,ITA,2018,-7.0716324
Italy,ITA,2019,4.5692205
Italy,ITA,2020,3.639257
Italy,ITA,2021,2.1016598
Japan,JPN,1991,0
Japan,JPN,1992,949.9999
Japan,JPN,1993,114.28573
Japan,JPN,1994,28.888882
Japan,JPN,1995,36.2069
Japan,JPN,1996,37.974678
Japan,JPN,1997,76.70248
Japan,JPN,1998,48.74561
Japan,JPN,1999,52.20294
Japan,JPN,2000,57.808388
Japan,JPN,2001,45.24697
Japan,JPN,2002,38.996494
Japan,JPN,2003,37.3348
Japan,JPN,2004,33.30002
Japan,JPN,2005,28.18967
Japan,JPN,2006,22.42465
Japan,JPN,2007,15.876568
Japan,JPN,2008,12.173307
Japan,JPN,2009,17.407333
Japan,JPN,2010,30.729353
Japan,JPN,2011,36.614727
Japan,JPN,2012,35.534107
Japan,JPN,2013,75.10785
Japan,JPN,2014,82.419754
Japan,JPN,2015,46.678818
Japan,JPN,2016,25.43565
Japan,JPN,2017,25.195217
Japan,JPN,2018,14.514053
Japan,JPN,2019,9.066975
Japan,JPN,2020,10.906637
Japan,JPN,2021,14.81489
Kazakhstan,KAZ,2013,3649.524
Kazakhstan,KAZ,2014,57.353317
Kazakhstan,KAZ,2015,3626.473
Kazakhstan,KAZ,2016,91.468895
Kazakhstan,KAZ,2017,4.798937
Kazakhstan,KAZ,2018,52.477562
Kazakhstan,KAZ,2019,176.94388
Kazakhstan,KAZ,2020,216.30974
Kazakhstan,KAZ,2021,4.377544
Kuwait,KWT,2014,1701.0989
Kuwait,KWT,2015,55.27761
Kuwait,KWT,2016,859.01764
Kuwait,KWT,2017,4.9985647
Kuwait,KWT,2018,3.824091
Kuwait,KWT,2019,10.00489
Kuwait,KWT,2020,0.2739668
Kuwait,KWT,2021,-0.27322173
Latvia,LVA,2012,0
Latvia,LVA,2013,0
Latvia,LVA,2014,0
Latvia,LVA,2015,0
Latvia,LVA,2016,91.00001
Latvia,LVA,2017,15.183247
Latvia,LVA,2018,189.31818
Latvia,LVA,2019,146.42575
Latvia,LVA,2020,54.510677
Latvia,LVA,2021,-0.27322173
Lithuania,LTU,2012,2200.0002
Lithuania,LTU,2013,1847.826
Lithuania,LTU,2014,62.946426
Lithuania,LTU,2015,0.41095018
Lithuania,LTU,2016,-9.276938
Lithuania,LTU,2017,2.2556424
Lithuania,LTU,2018,27.352928
Lithuania,LTU,2019,5.196309
Lithuania,LTU,2020,41.3831
Lithuania,LTU,2021,-3.9661884
Lower-middle-income countries,,1996,499.99994
Lower-middle-income countries,,1997,0
Lower-middle-income countries,,1998,0
Lower-middle-income countries,,1999,0
Lower-middle-income countries,,2000,27.094673
Lower-middle-income countries,,2001,67.65803
Lower-middle-income countries,,2002,22.604774
Lower-middle-income countries,,2003,29.8936
Lower-middle-income countries,,2004,20.203995
Lower-middle-income countries,,2005,16.55724
Lower-middle-income countries,,2006,-28.635525
Lower-middle-income countries,,2007,273.90222
Lower-middle-income countries,,2008,16.225672
Lower-middle-income countries,,2009,29.994892
Lower-middle-income countries,,2010,89.97739
Lower-middle-income countries,,2011,453.89285
Lower-middle-income countries,,2012,156.96179
Lower-middle-income countries,,2013,38.787174
Lower-middle-income countries,,2014,37.66502
Lower-middle-income countries,,2015,32.125546
Lower-middle-income countries,,2016,90.173164
Lower-middle-income countries,,2017,76.26551
Lower-middle-income countries,,2018,61.162056
Lower-middle-income countries,,2019,44.53963
Lower-middle-income countries,,2020,36.29049
Lower-middle-income countries,,2021,31.323338
Luxembourg,LUX,2001,15.00001
Luxembourg,LUX,2002,28.260876
Luxembourg,LUX,2003,2271.1863
Luxembourg,LUX,2004,557.54114
Luxembourg,LUX,2005,92.390465
Luxembourg,LUX,2006,19.301617
Luxembourg,LUX,2007,-1.0088027
Luxembourg,LUX,2008,-4.162484
Luxembourg,LUX,2009,1.4227986
Luxembourg,LUX,2010,4.095304
Luxembourg,LUX,2011,21.732557
Luxembourg,LUX,2012,48.68319
Luxembourg,LUX,2013,92.643105
Luxembourg,LUX,2014,28.483284
Luxembourg,LUX,2015,9.478474
Luxembourg,LUX,2016,-3.30984
Luxembourg,LUX,2017,8.15152
Luxembourg,LUX,2018,10.383261
Luxembourg,LUX,2019,8.903742
Luxembourg,LUX,2020,23.68065
Luxembourg,LUX,2021,37.23494
Malaysia,MYS,2013,1914.2856
Malaysia,MYS,2014,60.99291
Malaysia,MYS,2015,20.264317
Malaysia,MYS,2016,13.553119
Malaysia,MYS,2017,6.4516187
Malaysia,MYS,2018,91.515144
Malaysia,MYS,2019,49.286236
Malaysia,MYS,2020,24.243282
Malaysia,MYS,2021,28.287733
Mexico,MEX,1991,100
Mexico,MEX,1992,50
Mexico,MEX,1993,33.333336
Mexico,MEX,1994,24.999989
Mexico,MEX,1995,0
Mexico,MEX,1996,20.000004
Mexico,MEX,1997,0
Mexico,MEX,1998,16.666676
Mexico,MEX,1999,0
Mexico,MEX,2000,0
Mexico,MEX,2001,14.285719
Mexico,MEX,2002,0
Mexico,MEX,2003,0
Mexico,MEX,2004,12.499989
Mexico,MEX,2005,0
Mexico,MEX,2006,11.111116
Mexico,MEX,2007,-10.000002
Mexico,MEX,2008,111.111115
Mexico,MEX,2009,42.10527
Mexico,MEX,2010,14.814806
Mexico,MEX,2011,32.258068
Mexico,MEX,2012,68.29268
Mexico,MEX,2013,53.623188
Mexico,MEX,2014,108.49056
Mexico,MEX,2015,-8.507914
Mexico,MEX,2016,24.767172
Mexico,MEX,2017,370.3204
Mexico,MEX,2018,168.0138
Mexico,MEX,2019,131.65619
Mexico,MEX,2020,28.31825
Mexico,MEX,2021,25.97233
Middle Africa (BP),,2002,743.75
Middle Africa (BP),,2003,44.938267
Middle Africa (BP),,2004,42.078365
Middle Africa (BP),,2005,50.599525
Middle Africa (BP),,2006,30.334389
Middle Africa (BP),,2007,174.09894
Middle Africa (BP),,2008,73.90239
Middle Africa (BP),,2009,31.846725
Middle Africa (BP),,2010,31.405521
Middle Africa (BP),,2011,22.745764
Middle Africa (BP),,2012,20.90515
Middle Africa (BP),,2013,17.360306
Middle Africa (BP),,2014,20.568253
Middle Africa (BP),,2015,15.181934
Middle Africa (BP),,2016,18.095362
Middle Africa (BP),,2017,17.42282
Middle Africa (BP),,2018,54.143883
Middle Africa (BP),,2019,0
Middle Africa (BP),,2020,1.8097758
Middle Africa (BP),,2021,-0.031858683
Middle East (BP),,2007,0
Middle East (BP),,2008,3409
Middle East (BP),,2009,876.432
Middle East (BP),,2010,185.29753
Middle East (BP),,2011,131.8788
Middle East (BP),,2012,90.10724
Middle East (BP),,2013,60.44568
Middle East (BP),,2014,89.03722
Middle East (BP),,2015,40.697742
Middle East (BP),,2016,51.189198
Middle East (BP),,2017,27.51299
Middle East (BP),,2018,52.63784
Middle East (BP),,2019,87.67533
Middle East (BP),,2020,24.739515
Middle East (BP),,2021,20.079576
Morocco,MAR,2003,0
Morocco,MAR,2004,0
Morocco,MAR,2005,0
Morocco,MAR,2006,0
Morocco,MAR,2007,0
Morocco,MAR,2008,0
Morocco,MAR,2009,0
Morocco,MAR,2010,0
Morocco,MAR,2011,0
Morocco,MAR,2012,0.2702713
Morocco,MAR,2013,-0.26954412
Morocco,MAR,2014,0
Morocco,MAR,2015,5543.006
Morocco,MAR,2016,6943.859
Morocco,MAR,2017,3.4371138
Morocco,MAR,2018,128.78761
Morocco,MAR,2019,66.44253
Morocco,MAR,2020,-3.8969278
Morocco,MAR,2021,19.763529
Netherlands,NLD,1993,0
Netherlands,NLD,1994,-99
Netherlands,NLD,1995,9900.001
Netherlands,NLD,1996,100
Netherlands,NLD,1997,0
Netherlands,NLD,1998,75
Netherlands,NLD,1999,50.57143
Netherlands,NLD,2000,46.299805
Netherlands,NLD,2001,69.3904
Netherlands,NLD,2002,30.474735
Netherlands,NLD,2003,80.39907
Netherlands,NLD,2004,7.8074217
Netherlands,NLD,2005,3.1955361
Netherlands,NLD,2006,2.9942393
Netherlands,NLD,2007,1.3882995
Netherlands,NLD,2008,8.89616
Netherlands,NLD,2009,14.284241
Netherlands,NLD,2010,33.750343
Netherlands,NLD,2011,68.80426
Netherlands,NLD,2012,152.88307
Netherlands,NLD,2013,103.30794
Netherlands,NLD,2014,52.115143
Netherlands,NLD,2015,42.910706
Netherlands,NLD,2016,39.046955
Netherlands,NLD,2017,41.356422
Netherlands,NLD,2018,68.27503
Netherlands,NLD,2019,45.561504
Netherlands,NLD,2020,62.327946
Netherlands,NLD,2021,30.47347
New Zealand,NZL,2008,1.4598489
New Zealand,NZL,2009,3.8848877
New Zealand,NZL,2010,6.6482186
New Zealand,NZL,2011,7.7926636
New Zealand,NZL,2012,16.867018
New Zealand,NZL,2013,38.595726
New Zealand,NZL,2014,180.0507
New Zealand,NZL,2015,95.51739
New Zealand,NZL,2016,54.424404
New Zealand,NZL,2017,35.96823
New Zealand,NZL,2018,30.707287
New Zealand,NZL,2019,27.025461
New Zealand,NZL,2020,25.580013
New Zealand,NZL,2021,27.850353
Non-OECD (BP),,1991,0
Non-OECD (BP),,1992,50
Non-OECD (BP),,1993,33.333336
Non-OECD (BP),,1994,24.999989
Non-OECD (BP),,1995,60.202015
Non-OECD (BP),,1996,88.020195
Non-OECD (BP),,1997,13.292956
Non-OECD (BP),,1998,17.740547
Non-OECD (BP),,1999,15.46576
Non-OECD (BP),,2000,92.4093
Non-OECD (BP),,2001,44.61888
Non-OECD (BP),,2002,35.69485
Non-OECD (BP),,2003,30.182016
Non-OECD (BP),,2004,20.594084
Non-OECD (BP),,2005,18.465757
Non-OECD (BP),,2006,31.827604
Non-OECD (BP),,2007,45.103516
Non-OECD (BP),,2008,29.821468
Non-OECD (BP),,2009,52.968372
Non-OECD (BP),,2010,116.227844
Non-OECD (BP),,2011,250.00949
Non-OECD (BP),,2012,97.51544
Non-OECD (BP),,2013,94.066086
Non-OECD (BP),,2014,112.596466
Non-OECD (BP),,2015,58.77749
Non-OECD (BP),,2016,63.504314
Non-OECD (BP),,2017,69.42272
Non-OECD (BP),,2018,50.057064
Non-OECD (BP),,2019,31.40874
Non-OECD (BP),,2020,21.98801
Non-OECD (BP),,2021,26.123869
North America,,1984,76.70033
North America,,1985,102.55337
North America,,1986,32.00375
North America,,1987,-25.192415
North America,,1988,-13.365722
North America,,1989,2655.6738
North America,,1990,46.877705
North America,,1991,29.171444
North America,,1992,-13.816845
North America,,1993,16.264296
North America,,1994,5.758536
North America,,1995,2.8271794
North America,,1996,5.7178497
North America,,1997,-1.3724566
North America,,1998,-0.71080923
North America,,1999,-0.56452155
North America,,2000,0.64570904
North America,,2001,11.196243
North America,,2002,5.1005125
North America,,2003,1.5217304
North America,,2004,12.551868
North America,,2005,8.091175
North America,,2006,10.2522135
North America,,2007,32.169388
North America,,2008,49.1555
North America,,2009,31.42165
North America,,2010,49.795223
North America,,2011,62.499893
North America,,2012,87.30682
North America,,2013,75.55246
North America,,2014,78.16899
North America,,2015,34.73345
North America,,2016,40.238262
North America,,2017,38.630604
North America,,2018,22.263824
North America,,2019,18.241537
North America,,2020,22.263622
North America,,2021,25.216532
North America (BP),,1984,76.70033
North America (BP),,1985,102.55337
North America (BP),,1986,32.00375
North America (BP),,1987,-25.192415
North America (BP),,1988,-13.365722
North America (BP),,1989,2655.6738
North America (BP),,1990,46.877705
North America (BP),,1991,29.17143
North America (BP),,1992,-13.816839
North America (BP),,1993,16.264296
North America (BP),,1994,5.758536
North America (BP),,1995,2.8271794
North America (BP),,1996,5.717838
North America (BP),,1997,-1.3724446
North America (BP),,1998,-0.71080923
North America (BP),,1999,-0.58317184
North America (BP),,2000,0.61798096
North America (BP),,2001,11.070787
North America (BP),,2002,5.051148
North America (BP),,2003,1.4405966
North America (BP),,2004,12.464356
North America (BP),,2005,7.416868
North America (BP),,2006,10.392499
North America (BP),,2007,32.144962
North America (BP),,2008,49.243355
North America (BP),,2009,31.113111
North America (BP),,2010,49.170494
North America (BP),,2011,62.19033
North America (BP),,2012,86.61307
North America (BP),,2013,76.679695
North America (BP),,2014,78.84911
North America (BP),,2015,34.74957
North America (BP),,2016,40.404545
North America (BP),,2017,38.712154
North America (BP),,2018,22.298622
North America (BP),,2019,17.905067
North America (BP),,2020,22.068619
North America (BP),,2021,25.142647
North Macedonia,MKD,2011,4411.538
North Macedonia,MKD,2012,141.77322
North Macedonia,MKD,2013,219.14668
North Macedonia,MKD,2014,58.89957
North Macedonia,MKD,2015,57.140877
North Macedonia,MKD,2016,4.8672557
North Macedonia,MKD,2017,0.21518469
North Macedonia,MKD,2018,-4.05457
North Macedonia,MKD,2019,1.9264579
North Macedonia,MKD,2020,1.3346553
North Macedonia,MKD,2021,7.460594
Norway,NOR,2001,0
Norway,NOR,2002,0
Norway,NOR,2003,16.981136
Norway,NOR,2004,0
Norway,NOR,2005,0
Norway,NOR,2006,14.516127
Norway,NOR,2007,0
Norway,NOR,2008,4.2253494
Norway,NOR,2009,4.0540576
Norway,NOR,2010,5.194807
Norway,NOR,2011,4.9382687
Norway,NOR,2012,4.70587
Norway,NOR,2013,10.11237
Norway,NOR,2014,18.367338
Norway,NOR,2015,15.517235
Norway,NOR,2016,77.611946
Norway,NOR,2017,67.90335
Norway,NOR,2018,52.33854
Norway,NOR,2019,72.51462
Norway,NOR,2020,33.725403
Norway,NOR,2021,40.29149
OECD (BP),,1984,110.37038
OECD (BP),,1985,86.13956
OECD (BP),,1986,29.251934
OECD (BP),,1987,-30.168974
OECD (BP),,1988,-3.8391829
OECD (BP),,1989,2471.8347
OECD (BP),,1990,47.3153
OECD (BP),,1991,30.26389
OECD (BP),,1992,-7.873118
OECD (BP),,1993,19.22245
OECD (BP),,1994,7.11354
OECD (BP),,1995,6.5521836
OECD (BP),,1996,8.456457
OECD (BP),,1997,7.0708156
OECD (BP),,1998,8.078551
OECD (BP),,1999,11.405956
OECD (BP),,2000,15.00423
OECD (BP),,2001,33.953262
OECD (BP),,2002,25.957478
OECD (BP),,2003,25.10463
OECD (BP),,2004,32.36382
OECD (BP),,2005,41.99681
OECD (BP),,2006,37.843014
OECD (BP),,2007,35.319637
OECD (BP),,2008,63.76754
OECD (BP),,2009,66.39833
OECD (BP),,2010,59.242153
OECD (BP),,2011,86.96069
OECD (BP),,2012,51.547146
OECD (BP),,2013,30.728458
OECD (BP),,2014,31.1172
OECD (BP),,2015,22.72662
OECD (BP),,2016,17.700504
OECD (BP),,2017,21.488058
OECD (BP),,2018,16.837204
OECD (BP),,2019,14.986014
OECD (BP),,2020,18.635141
OECD (BP),,2021,18.259764
Oceania,,1992,122.01834
Oceania,,1993,20.661163
Oceania,,1994,19.178082
Oceania,,1995,21.551727
Oceania,,1996,21.04019
Oceania,,1997,19.726562
Oceania,,1998,16.150082
Oceania,,1999,14.044952
Oceania,,2000,15.147781
Oceania,,2001,15.828872
Oceania,,2002,7.6638937
Oceania,,2003,8.404803
Oceania,,2004,15.427219
Oceania,,2005,15.21591
Oceania,,2006,16.00238
Oceania,,2007,20.1599
Oceania,,2008,21.765625
Oceania,,2009,105.972885
Oceania,,2010,234.02664
Oceania,,2011,108.73375
Oceania,,2012,17.970144
Oceania,,2013,59.469044
Oceania,,2014,28.97278
Oceania,,2015,25.376701
Oceania,,2016,20.28476
Oceania,,2017,19.984674
Oceania,,2018,38.230278
Oceania,,2019,48.191048
Oceania,,2020,30.276466
Oceania,,2021,30.811989
Oman,OMN,2014,0
Oman,OMN,2015,208.33333
Oman,OMN,2016,13.405395
Oman,OMN,2017,270.8294
Oman,OMN,2018,0.9768605
Oman,OMN,2019,5.365324
Oman,OMN,2020,1180.8116
Oman,OMN,2021,22.963524
Pakistan,PAK,2008,684.15845
Pakistan,PAK,2009,236.36365
Pakistan,PAK,2010,152.02701
Pakistan,PAK,2011,99.80638
Pakistan,PAK,2012,145.88148
Pakistan,PAK,2013,119.63012
Pakistan,PAK,2014,64.33709
Pakistan,PAK,2015,60.35707
Pakistan,PAK,2016,87.75008
Pakistan,PAK,2017,37.270058
Pakistan,PAK,2018,3.9785504
Pakistan,PAK,2019,4.4715524
Pakistan,PAK,2020,12.707769
Pakistan,PAK,2021,25.920795
Peru,PER,2013,229.81572
Peru,PER,2014,1.2189031
Peru,PER,2015,15.532028
Peru,PER,2016,4.666412
Peru,PER,2017,36.81452
Peru,PER,2018,141.62708
Peru,PER,2019,4.5437455
Peru,PER,2020,1.9659281
Peru,PER,2021,3.0848384
Philippines,PHL,2006,-9.294664
Philippines,PHL,2007,-4.869187
Philippines,PHL,2008,-0.38196445
Philippines,PHL,2009,-3.9877355
Philippines,PHL,2010,0.15974045
Philippines,PHL,2011,-3.3492804
Philippines,PHL,2012,8.910894
Philippines,PHL,2013,7.1212173
Philippines,PHL,2014,1068.1046
Philippines,PHL,2015,738.7358
Philippines,PHL,2016,691.87494
Philippines,PHL,2017,9.49266
Philippines,PHL,2018,3.9932013
Philippines,PHL,2019,-0.24293065
Philippines,PHL,2020,10.153591
Philippines,PHL,2021,6.437123
Poland,POL,2012,450
Poland,POL,2013,36.363636
Poland,POL,2014,366.6667
Poland,POL,2015,714.28564
Poland,POL,2016,117.54386
Poland,POL,2017,33.06452
Poland,POL,2018,81.818184
Poland,POL,2019,136.89099
Poland,POL,2020,175.50168
Poland,POL,2021,101.69404
Portugal,PRT,1990,-100
Portugal,PRT,1997,0
Portugal,PRT,1998,-20.000004
Portugal,PRT,1999,37.5
Portugal,PRT,2000,27.272724
Portugal,PRT,2001,14.285719
Portugal,PRT,2002,12.5
Portugal,PRT,2003,44.444443
Portugal,PRT,2004,11.538458
Portugal,PRT,2005,31.034481
Portugal,PRT,2006,31.578945
Portugal,PRT,2007,380.00003
Portugal,PRT,2008,70.833336
Portugal,PRT,2009,290.2439
Portugal,PRT,2010,34.375
Portugal,PRT,2011,31.162786
Portugal,PRT,2012,39.361702
Portugal,PRT,2013,21.918547
Portugal,PRT,2014,30.92556
Portugal,PRT,2015,26.91437
Portugal,PRT,2016,3.2462358
Portugal,PRT,2017,20.681263
Portugal,PRT,2018,1.3104796
Portugal,PRT,2019,33.532345
Portugal,PRT,2020,26.005959
Portugal,PRT,2021,30.573618
Qatar,QAT,2012,0
Qatar,QAT,2013,242.87021
Qatar,QAT,2014,73.44708
Qatar,QAT,2015,0
Qatar,QAT,2016,28.558254
Qatar,QAT,2017,0
Qatar,QAT,2018,0
Qatar,QAT,2019,0
Qatar,QAT,2020,0.2739668
Qatar,QAT,2021,-0.27321577
Romania,ROU,2010,100
Romania,ROU,2011,-50.5
Romania,ROU,2012,700
Romania,ROU,2013,5149.9995
Romania,ROU,2014,208.40479
Romania,ROU,2015,53.014744
Romania,ROU,2016,-8.173561
Romania,ROU,2017,1.9780159
Romania,ROU,2018,-4.579735
Romania,ROU,2019,0.39525032
Romania,ROU,2020,-2.5309324
Romania,ROU,2021,-1.8465102
Russia,RUS,2012,250.9589
Russia,RUS,2013,156.44028
Russia,RUS,2014,1381.4814
Russia,RUS,2015,109.75001
Russia,RUS,2016,39.541126
Russia,RUS,2017,16.164852
Russia,RUS,2018,14.790428
Russia,RUS,2019,57.7443
Russia,RUS,2020,89.040146
Russia,RUS,2021,24.160374
Saudi Arabia,SAU,2009,0
Saudi Arabia,SAU,2010,571.42865
Saudi Arabia,SAU,2011,31.865978
Saudi Arabia,SAU,2012,375.46368
Saudi Arabia,SAU,2013,65.6785
Saudi Arabia,SAU,2014,8.018827
Saudi Arabia,SAU,2015,0
Saudi Arabia,SAU,2016,0
Saudi Arabia,SAU,2017,41.74931
Saudi Arabia,SAU,2018,145.23058
Saudi Arabia,SAU,2019,29.625057
Saudi Arabia,SAU,2020,0.2739787
Saudi Arabia,SAU,2021,300.58093
Singapore,SGP,2009,437.37378
Singapore,SGP,2010,93.35838
Singapore,SGP,2011,58.61957
Singapore,SGP,2012,67.374886
Singapore,SGP,2013,53.25277
Singapore,SGP,2014,116.0959
Singapore,SGP,2015,79.60786
Singapore,SGP,2016,81.579506
Singapore,SGP,2017,38.758278
Singapore,SGP,2018,10.079443
Singapore,SGP,2019,43.989265
Singapore,SGP,2020,51.633774
Singapore,SGP,2021,34.457397
Slovakia,SVK,2011,2235.2942
Slovakia,SVK,2012,6.8009973
Slovakia,SVK,2013,38.67924
Slovakia,SVK,2014,1.5306115
Slovakia,SVK,2015,-15.242887
Slovakia,SVK,2016,5.3359747
Slovakia,SVK,2017,-5.0656676
Slovakia,SVK,2018,15.61265
Slovakia,SVK,2019,0.68376064
Slovakia,SVK,2020,12.563669
Slovakia,SVK,2021,1.371944
Slovenia,SVN,2009,300
Slovenia,SVN,2010,225
Slovenia,SVN,2011,407.6923
Slovenia,SVN,2012,146.9697
Slovenia,SVN,2013,31.901836
Slovenia,SVN,2014,19.534885
Slovenia,SVN,2015,6.6147804
Slovenia,SVN,2016,-2.5547445
Slovenia,SVN,2017,6.317234
Slovenia,SVN,2018,-10.182935
Slovenia,SVN,2019,18.857002
Slovenia,SVN,2020,21.501196
Slovenia,SVN,2021,-17.922794
South Africa,ZAF,2001,16.12904
South Africa,ZAF,2002,14.814817
South Africa,ZAF,2003,12.096763
South Africa,ZAF,2004,11.51079
South Africa,ZAF,2005,9.677422
South Africa,ZAF,2006,9.411764
South Africa,ZAF,2007,8.064508
South Africa,ZAF,2008,7.9602003
South Africa,ZAF,2009,7.3732734
South Africa,ZAF,2010,18.454933
South Africa,ZAF,2011,190.94205
South Africa,ZAF,2012,7.0983768
South Africa,ZAF,2013,182.55814
South Africa,ZAF,2014,342.37076
South Africa,ZAF,2015,123.21036
South Africa,ZAF,2016,39.22261
South Africa,ZAF,2017,51.400112
South Africa,ZAF,2018,22.656012
South Africa,ZAF,2019,9.156227
South Africa,ZAF,2020,22.446465
South Africa,ZAF,2021,-4.7434807
South America,,1999,52.941166
South America,,2000,7156.593
South America,,2001,44.56086
South America,,2002,72.83359
South America,,2003,37.771927
South America,,2004,23.892939
South America,,2005,19.938828
South America,,2006,-98.53506
South America,,2007,16.259586
South America,,2008,63.655235
South America,,2009,-20.828146
South America,,2010,5251.9473
South America,,2011,252.36697
South America,,2012,220.71945
South America,,2013,116.68608
South America,,2014,176.03
South America,,2015,136.8
South America,,2016,72.97015
South America,,2017,73.11654
South America,,2018,85.82232
South America,,2019,53.421547
South America,,2020,38.566353
South America,,2021,47.230827
South Korea,KOR,1991,0
South Korea,KOR,1992,100
South Korea,KOR,1993,0
South Korea,KOR,1994,0
South Korea,KOR,1995,0
South Korea,KOR,1996,50
South Korea,KOR,1997,0
South Korea,KOR,1998,33.333336
South Korea,KOR,1999,14.299989
South Korea,KOR,2000,15.573061
South Korea,KOR,2001,17.03255
South Korea,KOR,2002,13.90686
South Korea,KOR,2003,10.051107
South Korea,KOR,2004,27.347778
South Korea,KOR,2005,45.856976
South Korea,KOR,2006,115.445496
South Korea,KOR,2007,129.76918
South Korea,KOR,2008,298.87625
South Korea,KOR,2009,99.14216
South Korea,KOR,2010,36.59383
South Korea,KOR,2011,19.306755
South Korea,KOR,2012,22.131752
South Korea,KOR,2013,47.95599
South Korea,KOR,2014,61.57527
South Korea,KOR,2015,57.00618
South Korea,KOR,2016,30.406105
South Korea,KOR,2017,40.284775
South Korea,KOR,2018,31.237507
South Korea,KOR,2019,39.469124
South Korea,KOR,2020,36.255028
South Korea,KOR,2021,13.047493
South and Central America (BP),,1999,647.1177
South and Central America (BP),,2000,1583.1367
South and Central America (BP),,2001,72.44699
South and Central America (BP),,2002,63.27157
South and Central America (BP),,2003,38.436234
South and Central America (BP),,2004,28.127659
South and Central America (BP),,2005,67.68223
South and Central America (BP),,2006,-54.198994
South and Central America (BP),,2007,32.024563
South and Central America (BP),,2008,37.24129
South and Central America (BP),,2009,64.60954
South and Central America (BP),,2010,151.26117
South and Central America (BP),,2011,113.68296
South and Central America (BP),,2012,156.17374
South and Central America (BP),,2013,57.667065
South and Central America (BP),,2014,108.46021
South and Central America (BP),,2015,157.6601
South and Central America (BP),,2016,70.74144
South and Central America (BP),,2017,56.480885
South and Central America (BP),,2018,67.68844
South and Central America (BP),,2019,49.6176
South and Central America (BP),,2020,36.104668
South and Central America (BP),,2021,43.092537
Spain,ESP,1990,-0.9999931
Spain,ESP,1991,16.666676
Spain,ESP,1992,14.285719
Spain,ESP,1993,12.499989
Spain,ESP,1994,11.111116
Spain,ESP,1995,50
Spain,ESP,1996,-19.999998
Spain,ESP,1997,8.333338
Spain,ESP,1998,15.384615
Spain,ESP,1999,13.333344
Spain,ESP,2000,5.8823466
Spain,ESP,2001,33.333336
Spain,ESP,2002,25
Spain,ESP,2003,36.66668
Spain,ESP,2004,36.585365
Spain,ESP,2005,-26.785713
Spain,ESP,2006,190.24391
Spain,ESP,2007,326.89075
Spain,ESP,2008,407.48035
Spain,ESP,2009,135.33492
Spain,ESP,2010,16.441488
Spain,ESP,2011,22.86253
Spain,ESP,2012,37.86347
Spain,ESP,2013,9.568691
Spain,ESP,2014,4.2875648
Spain,ESP,2015,1.3559699
Spain,ESP,2016,-1.5638769
Spain,ESP,2017,4.9771667
Spain,ESP,2018,-11.009752
Spain,ESP,2019,18.552149
Spain,ESP,2020,36.79341
Spain,ESP,2021,29.70382
Sri Lanka,LKA,2001,109.04999
Sri Lanka,LKA,2002,66.21844
Sri Lanka,LKA,2003,60.147404
Sri Lanka,LKA,2004,47.21646
Sri Lanka,LKA,2005,30.410921
Sri Lanka,LKA,2006,16.714787
Sri Lanka,LKA,2007,10.946798
Sri Lanka,LKA,2008,6.6707134
Sri Lanka,LKA,2009,6.473148
Sri Lanka,LKA,2010,6.005943
Sri Lanka,LKA,2011,21.10592
Sri Lanka,LKA,2012,14.845657
Sri Lanka,LKA,2013,43.718815
Sri Lanka,LKA,2014,95.25679
Sri Lanka,LKA,2015,73.47944
Sri Lanka,LKA,2016,70.299675
Sri Lanka,LKA,2017,170.71231
Sri Lanka,LKA,2018,43.05241
Sri Lanka,LKA,2019,55.73745
Sri Lanka,LKA,2020,30.300177
Sri Lanka,LKA,2021,16.746283
Sweden,SWE,1994,0
Sweden,SWE,1995,0
Sweden,SWE,1996,0
Sweden,SWE,1997,0
Sweden,SWE,1998,0
Sweden,SWE,1999,0
Sweden,SWE,2000,0
Sweden,SWE,2001,100
Sweden,SWE,2002,0
Sweden,SWE,2003,0
Sweden,SWE,2004,0
Sweden,SWE,2005,0
Sweden,SWE,2006,0
Sweden,SWE,2007,50
Sweden,SWE,2008,33.333336
Sweden,SWE,2009,75
Sweden,SWE,2010,28.571415
Sweden,SWE,2011,44.444454
Sweden,SWE,2012,46.153843
Sweden,SWE,2013,84.21054
Sweden,SWE,2014,34.285713
Sweden,SWE,2015,106.38299
Sweden,SWE,2016,47.422684
Sweden,SWE,2017,60.839153
Sweden,SWE,2018,69.99999
Sweden,SWE,2019,69.565216
Sweden,SWE,2020,56.108593
Sweden,SWE,2021,40.000008
Switzerland,CHE,1991,100
Switzerland,CHE,1992,50
Switzerland,CHE,1993,33.333336
Switzerland,CHE,1994,24.999989
Switzerland,CHE,1995,20.000004
Switzerland,CHE,1996,16.666676
Switzerland,CHE,1997,0
Switzerland,CHE,1998,14.285719
Switzerland,CHE,1999,24.999989
Switzerland,CHE,2000,10.000002
Switzerland,CHE,2001,18.181824
Switzerland,CHE,2002,15.384615
Switzerland,CHE,2003,19.999992
Switzerland,CHE,2004,0
Switzerland,CHE,2005,16.666676
Switzerland,CHE,2006,14.285719
Switzerland,CHE,2007,20.833324
Switzerland,CHE,2008,27.58621
Switzerland,CHE,2009,45.945942
Switzerland,CHE,2010,74.074066
Switzerland,CHE,2011,78.723404
Switzerland,CHE,2012,77.97619
Switzerland,CHE,2013,67.22408
Switzerland,CHE,2014,68.4
Switzerland,CHE,2015,32.897854
Switzerland,CHE,2016,19.124222
Switzerland,CHE,2017,26.256561
Switzerland,CHE,2018,15.567446
Switzerland,CHE,2019,11.979425
Switzerland,CHE,2020,19.329655
Switzerland,CHE,2021,15.671242
Taiwan,TWN,2001,120.00001
Taiwan,TWN,2002,31.818188
Taiwan,TWN,2003,32.471264
Taiwan,TWN,2004,26.681137
Taiwan,TWN,2005,64.38355
Taiwan,TWN,2006,51.770844
Taiwan,TWN,2007,49.622513
Taiwan,TWN,2008,105.19004
Taiwan,TWN,2009,103.71661
Taiwan,TWN,2010,138.42986
Taiwan,TWN,2011,183.62189
Taiwan,TWN,2012,159.43404
Taiwan,TWN,2013,100.84856
Taiwan,TWN,2014,64.67402
Taiwan,TWN,2015,60.803497
Taiwan,TWN,2016,30.43002
Taiwan,TWN,2017,50.355816
Taiwan,TWN,2018,62.64807
Taiwan,TWN,2019,48.07632
Taiwan,TWN,2020,51.263737
Taiwan,TWN,2021,30.382252
Thailand,THA,2007,6.25
Thailand,THA,2008,0.30961037
Thailand,THA,2009,14.197529
Thailand,THA,2010,31.351353
Thailand,THA,2011,61.93415
Thailand,THA,2012,427.82187
Thailand,THA,2013,152.26443
Thailand,THA,2014,53.758526
Thailand,THA,2015,22.99099
Thailand,THA,2016,42.010094
Thailand,THA,2017,34.527695
Thailand,THA,2018,-0.13207197
Thailand,THA,2019,13.422966
Thailand,THA,2020,0.2739787
Thailand,THA,2021,1.5960574
Trinidad and Tobago,TTO,2001,400
Trinidad and Tobago,TTO,2002,51.968502
Trinidad and Tobago,TTO,2003,55.23316
Trinidad and Tobago,TTO,2004,45.19359
Trinidad and Tobago,TTO,2005,7.540238
Trinidad and Tobago,TTO,2006,14.835394
Trinidad and Tobago,TTO,2007,7.2598696
Trinidad and Tobago,TTO,2008,8.642828
Trinidad and Tobago,TTO,2009,12.939286
Trinidad and Tobago,TTO,2010,13.267338
Trinidad and Tobago,TTO,2011,0
Trinidad and Tobago,TTO,2012,0
Trinidad and Tobago,TTO,2013,0
Trinidad and Tobago,TTO,2014,12.087906
Trinidad and Tobago,TTO,2015,14.772725
Trinidad and Tobago,TTO,2016,0
Trinidad and Tobago,TTO,2017,0
Trinidad and Tobago,TTO,2018,-9.33817
Trinidad and Tobago,TTO,2019,0
Trinidad and Tobago,TTO,2020,0.29562712
Trinidad and Tobago,TTO,2021,-0.27321577
Turkey,TUR,2011,19.230747
Turkey,TUR,2012,48.793663
Turkey,TUR,2013,59.346043
Turkey,TUR,2014,156.4626
Turkey,TUR,2015,1015.63214
Turkey,TUR,2016,437.34802
Turkey,TUR,2017,176.99168
Turkey,TUR,2018,169.95465
Turkey,TUR,2019,18.590223
Turkey,TUR,2020,18.38311
Turkey,TUR,2021,17.202127
Turkmenistan,TKM,2011,186.36363
Turkmenistan,TKM,2012,114.87293
Turkmenistan,TKM,2013,88.37271
Turkmenistan,TKM,2014,68.62746
Turkmenistan,TKM,2015,67.44186
Turkmenistan,TKM,2016,33.69862
Turkmenistan,TKM,2017,-0.27321577
Turkmenistan,TKM,2018,0
Turkmenistan,TKM,2019,0
Turkmenistan,TKM,2020,0.2739668
Turkmenistan,TKM,2021,-0.27321577
Ukraine,UKR,2012,1007.30896
Ukraine,UKR,2013,71.0171
Ukraine,UKR,2014,-24.736845
Ukraine,UKR,2015,11.072266
Ukraine,UKR,2016,3.0010462
Ukraine,UKR,2017,47.045647
Ukraine,UKR,2018,53.457104
Ukraine,UKR,2019,164.81265
Ukraine,UKR,2020,83.0742
Ukraine,UKR,2021,17.825306
United Arab Emirates,ARE,2010,189.95909
United Arab Emirates,ARE,2011,12.331736
United Arab Emirates,ARE,2012,17.133749
United Arab Emirates,ARE,2013,252.37604
United Arab Emirates,ARE,2014,261.06317
United Arab Emirates,ARE,2015,0.25418997
United Arab Emirates,ARE,2016,1.6697049
United Arab Emirates,ARE,2017,135.12747
United Arab Emirates,ARE,2018,77.04268
United Arab Emirates,ARE,2019,189.42514
United Arab Emirates,ARE,2020,20.534277
United Arab Emirates,ARE,2021,12.683654
United Kingdom,GBR,1985,0
United Kingdom,GBR,1986,0
United Kingdom,GBR,1987,-100
United Kingdom,GBR,1989,-100
United Kingdom,GBR,2000,0
United Kingdom,GBR,2001,100
United Kingdom,GBR,2002,50
United Kingdom,GBR,2003,0
United Kingdom,GBR,2004,33.333336
United Kingdom,GBR,2005,100
United Kingdom,GBR,2006,37.49999
United Kingdom,GBR,2007,27.272738
United Kingdom,GBR,2008,21.428574
United Kingdom,GBR,2009,17.648268
United Kingdom,GBR,2010,101.38342
United Kingdom,GBR,2011,504.96765
United Kingdom,GBR,2012,455.58752
United Kingdom,GBR,2013,48.494316
United Kingdom,GBR,2014,101.66836
United Kingdom,GBR,2015,85.810265
United Kingdom,GBR,2016,38.166954
United Kingdom,GBR,2017,10.256851
United Kingdom,GBR,2018,10.395622
United Kingdom,GBR,2019,-0.69708824
United Kingdom,GBR,2020,4.5937777
United Kingdom,GBR,2021,-5.8791695
United States,USA,1984,76.70033
United States,USA,1985,102.55337
United States,USA,1986,32.00375
United States,USA,1987,-25.192415
United States,USA,1988,-13.365722
United States,USA,1989,2655.6738
United States,USA,1990,46.48266
United States,USA,1991,28.980423
United States,USA,1992,-14.512909
United States,USA,1993,16.220688
United States,USA,1994,5.6214333
United States,USA,1995,2.510357
United States,USA,1996,5.2227616
United States,USA,1997,-1.5970588
United States,USA,1998,-1.5086234
United States,USA,1999,-1.2040675
United States,USA,2000,0.032913685
United States,USA,2001,10.768962
United States,USA,2002,4.743886
United States,USA,2003,1.5054345
United States,USA,2004,14.325321
United States,USA,2005,7.272005
United States,USA,2006,10.085642
United States,USA,2007,32.86848
United States,USA,2008,49.082256
United States,USA,2009,27.120686
United States,USA,2010,45.139397
United States,USA,2011,57.280003
United States,USA,2012,90.698395
United States,USA,2013,77.488884
United States,USA,2014,82.1491
United States,USA,2015,34.94675
United States,USA,2016,40.56672
United States,USA,2017,40.8468
United States,USA,2018,20.818615
United States,USA,2019,14.4904375
United States,USA,2020,22.290302
United States,USA,2021,25.230837
Upper-middle-income countries,,1991,33.333336
Upper-middle-income countries,,1992,50
Upper-middle-income countries,,1993,33.333336
Upper-middle-income countries,,1994,24.999989
Upper-middle-income countries,,1995,20.000004
Upper-middle-income countries,,1996,25
Upper-middle-income countries,,1997,13.333344
Upper-middle-income countries,,1998,23.629402
Upper-middle-income countries,,1999,14.316999
Upper-middle-income countries,,2000,67.19806
Upper-middle-income countries,,2001,30.720509
Upper-middle-income countries,,2002,39.203598
Upper-middle-income countries,,2003,26.364183
Upper-middle-income countries,,2004,17.485893
Upper-middle-income countries,,2005,10.231066
Upper-middle-income countries,,2006,33.906246
Upper-middle-income countries,,2007,13.610638
Upper-middle-income countries,,2008,27.34444
Upper-middle-income countries,,2009,63.017666
Upper-middle-income countries,,2010,121.711136
Upper-middle-income countries,,2011,250.41339
Upper-middle-income countries,,2012,75.75094
Upper-middle-income countries,,2013,136.49573
Upper-middle-income countries,,2014,146.09111
Upper-middle-income countries,,2015,63.588882
Upper-middle-income countries,,2016,61.143875
Upper-middle-income countries,,2017,73.27893
Upper-middle-income countries,,2018,51.754917
Upper-middle-income countries,,2019,28.435791
Upper-middle-income countries,,2020,18.311954
Upper-middle-income countries,,2021,24.624384
Uzbekistan,UZB,2017,35.47275
Uzbekistan,UZB,2018,8.537364
Uzbekistan,UZB,2019,0
Uzbekistan,UZB,2020,0.2739668
Uzbekistan,UZB,2021,622.6138
Venezuela,VEN,2011,21.138214
Venezuela,VEN,2012,75.167786
Venezuela,VEN,2013,2.6819825
Venezuela,VEN,2014,-13.0597
Venezuela,VEN,2015,-21.673822
Venezuela,VEN,2016,0
Venezuela,VEN,2017,8.493149
Venezuela,VEN,2018,0
Venezuela,VEN,2019,-22.222221
Venezuela,VEN,2020,0.2739668
Venezuela,VEN,2021,-0.27321577
Vietnam,VNM,2011,0
Vietnam,VNM,2012,0
Vietnam,VNM,2013,0
Vietnam,VNM,2014,13.110579
Vietnam,VNM,2015,0
Vietnam,VNM,2016,-20.677763
Vietnam,VNM,2017,51.077522
Vietnam,VNM,2018,1213.7136
Vietnam,VNM,2019,4902.086
Vietnam,VNM,2020,106.78664
Vietnam,VNM,2021,137.2967
Western Africa (BP),,2001,24.457191
Western Africa (BP),,2002,-16.17173
Western Africa (BP),,2003,49.459362
Western Africa (BP),,2004,37.243225
Western Africa (BP),,2005,25.29893
Western Africa (BP),,2006,27.78393
Western Africa (BP),,2007,27.738213
Western Africa (BP),,2008,15.3473015
Western Africa (BP),,2009,14.912975
Western Africa (BP),,2010,93.91128
Western Africa (BP),,2011,47.620274
Western Africa (BP),,2012,78.447365
Western Africa (BP),,2013,47.60364
Western Africa (BP),,2014,9.94128
Western Africa (BP),,2015,19.873928
Western Africa (BP),,2016,195.81706
Western Africa (BP),,2017,-22.398472
Western Africa (BP),,2018,96.08109
Western Africa (BP),,2019,25.878298
Western Africa (BP),,2020,3.9198399
Western Africa (BP),,2021,44.04445
World,OWID_WRL,1984,110.37038
World,OWID_WRL,1985,86.13956
World,OWID_WRL,1986,29.251934
World,OWID_WRL,1987,-30.168974
World,OWID_WRL,1988,-3.8391829
World,OWID_WRL,1989,2471.8347
World,OWID_WRL,1990,48.078
World,OWID_WRL,1991,30.108034
World,OWID_WRL,1992,-7.6440153
World,OWID_WRL,1993,19.31318
World,OWID_WRL,1994,7.2420716
World,OWID_WRL,1995,7.0014834
World,OWID_WRL,1996,9.454107
World,OWID_WRL,1997,7.2048426
World,OWID_WRL,1998,8.298481
World,OWID_WRL,1999,11.506426
World,OWID_WRL,2000,16.987812
World,OWID_WRL,2001,34.402786
World,OWID_WRL,2002,26.399076
World,OWID_WRL,2003,25.351822
World,OWID_WRL,2004,31.768726
World,OWID_WRL,2005,40.907944
World,OWID_WRL,2006,37.60897
World,OWID_WRL,2007,35.684277
World,OWID_WRL,2008,62.41455
World,OWID_WRL,2009,65.97047
World,OWID_WRL,2010,60.91541
World,OWID_WRL,2011,93.39388
World,OWID_WRL,2012,54.829643
World,OWID_WRL,2013,36.498188
World,OWID_WRL,2014,41.66987
World,OWID_WRL,2015,29.733265
World,OWID_WRL,2016,28.595661
World,OWID_WRL,2017,35.985268
World,OWID_WRL,2018,29.35455
World,OWID_WRL,2019,22.164536
World,OWID_WRL,2020,20.211613
World,OWID_WRL,2021,22.011984